prefecture_name,city_name,administrative_area_code,admin_type,url
北海道,札幌市,01100,ward,http://www.city.sapporo.jp/
北海道,函館市,01202,city,https://www.city.hakodate.hokkaido.jp/
北海道,小樽市,01203,city,https://www.city.otaru.lg.jp/
北海道,旭川市,01204,city,https://www.city.asahikawa.hokkaido.jp/
北海道,室蘭市,01205,city,https://www.city.muroran.lg.jp/
北海道,釧路市,01206,city,https://www.city.kushiro.lg.jp/
北海道,帯広市,01207,city,https://www.city.obihiro.hokkaido.jp/
北海道,北見市,01208,city,https://www.city.kitami.lg.jp/
北海道,夕張市,01209,city,https://www.city.yubari.lg.jp/
北海道,岩見沢市,01210,city,https://www.city.iwamizawa.hokkaido.jp/
北海道,網走市,01211,city,https://www.city.abashiri.hokkaido.jp/
北海道,留萌市,01212,city,https://www.e-rumoi.jp/
北海道,苫小牧市,01213,city,http://www.city.tomakomai.hokkaido.jp/
北海道,稚内市,01214,city,https://www.city.wakkanai.hokkaido.jp/
北海道,美唄市,01215,city,https://www.city.bibai.hokkaido.jp/
北海道,芦別市,01216,city,https://www.city.ashibetsu.hokkaido.jp/
北海道,江別市,01217,city,https://www.city.ebetsu.hokkaido.jp/
北海道,赤平市,01218,city,http://www.city.akabira.hokkaido.jp/
北海道,紋別市,01219,city,https://mombetsu.jp/
北海道,士別市,01220,city,https://www.city.shibetsu.lg.jp/
北海道,名寄市,01221,city,http://www.city.nayoro.lg.jp/
北海道,三笠市,01222,city,https://www.city.mikasa.hokkaido.jp/
北海道,根室市,01223,city,https://www.city.nemuro.hokkaido.jp/
北海道,千歳市,01224,city,https://www.city.chitose.lg.jp/
北海道,滝川市,01225,city,http://www.city.takikawa.hokkaido.jp/
北海道,砂川市,01226,city,https://www.city.sunagawa.hokkaido.jp/
北海道,歌志内市,01227,city,https://www.city.utashinai.hokkaido.jp/
北海道,深川市,01228,city,https://www.city.fukagawa.lg.jp/
北海道,富良野市,01229,city,http://www.city.furano.hokkaido.jp/
北海道,登別市,01230,city,http://www.city.noboribetsu.lg.jp/
北海道,恵庭市,01231,city,https://www.city.eniwa.hokkaido.jp/
北海道,北広島市,01234,city,https://www.city.kitahiroshima.hokkaido.jp/
北海道,石狩市,01235,city,http://www.city.ishikari.hokkaido.jp/
北海道,北斗市,01236,city,https://www.city.hokuto.hokkaido.jp/
北海道,当別町,01303,town,https://www.town.tobetsu.hokkaido.jp/
北海道,新篠津村,01304,village,https://www.vill.shinshinotsu.hokkaido.jp/
北海道,福島町,01332,town,https://www.city.fukushima.fukushima.jp/
北海道,知内町,01333,town,https://www.town.shiriuchi.hokkaido.jp/
北海道,木古内町,01334,town,https://www.town.kikonai.hokkaido.jp/
北海道,七飯町,01337,town,https://www.town.nanae.hokkaido.jp/
北海道,鹿部町,01343,town,http://www.town.shikabe.lg.jp/
北海道,八雲町,01346,town,https://www.town.yakumo.lg.jp/
北海道,長万部町,01347,town,https://www.town.oshamambe.lg.jp/
北海道,江差町,01361,town,https://www.hokkaido-esashi.jp/
北海道,上ノ国町,01362,town,http://www.town.kaminokuni.lg.jp/
北海道,厚沢部町,01363,town,https://www.town.assabu.lg.jp/
北海道,乙部町,01364,town,https://www.town.otobe.lg.jp/
北海道,奥尻町,01367,town,http://www.town.okushiri.lg.jp/
北海道,今金町,01370,town,http://www.town.imakane.lg.jp/
北海道,せたな町,01371,town,http://www.town.setana.lg.jp/
北海道,島牧村,01391,village,http://www.vill.shimamaki.lg.jp/
北海道,寿都町,01392,town,http://www.town.suttu.lg.jp/
北海道,黒松内町,01393,town,http://www.kuromatsunai.com/
北海道,蘭越町,01394,town,https://www.town.rankoshi.hokkaido.jp/
北海道,ニセコ町,01395,town,https://www.town.niseko.lg.jp/
北海道,真狩村,01396,village,https://www.vill.makkari.lg.jp/
北海道,留寿都村,01397,village,https://www.vill.rusutsu.lg.jp/
北海道,喜茂別町,01398,town,http://www.town.kimobetsu.hokkaido.jp/
北海道,京極町,01399,town,http://www.town-kyogoku.jp/
北海道,倶知安町,01400,town,https://www.town.kutchan.hokkaido.jp/
北海道,共和町,01401,town,https://www.town.kyowa.hokkaido.jp/
北海道,岩内町,01402,town,http://www.town.iwanai.hokkaido.jp/
北海道,神恵内村,01404,village,https://www.vill.kamoenai.hokkaido.jp/
北海道,積丹町,01405,town,http://www.town.shakotan.hokkaido.jp/
北海道,古平町,01406,town,http://www.town.furubira.lg.jp/
北海道,仁木町,01407,town,http://www.town.niki.hokkaido.jp/
北海道,余市町,01408,town,https://www.town.yoichi.hokkaido.jp/
北海道,赤井川村,01409,village,https://www.akaigawa.com/
北海道,南幌町,01423,town,https://www.town.nanporo.hokkaido.jp/
北海道,奈井江町,01424,town,http://www.town.naie.hokkaido.jp/
北海道,上砂川町,01425,town,http://town.kamisunagawa.hokkaido.jp/
北海道,由仁町,01427,town,http://www.town.yuni.lg.jp/
北海道,長沼町,01428,town,https://www.maoi-net.jp/
北海道,栗山町,01429,town,http://www.town.kuriyama.hokkaido.jp/
北海道,月形町,01430,town,http://www.town.tsukigata.hokkaido.jp/
北海道,浦臼町,01431,town,https://www.town.urausu.hokkaido.jp/
北海道,新十津川町,01432,town,https://www.town.shintotsukawa.lg.jp/
北海道,妹背牛町,01433,town,https://www.town.moseushi.hokkaido.jp/
北海道,秩父別町,01434,town,http://www.town.chippubetsu.hokkaido.jp/
北海道,雨竜町,01436,town,https://www.town.uryu.hokkaido.jp/
北海道,北竜町,01437,town,http://www.town.hokuryu.hokkaido.jp/
北海道,沼田町,01438,town,https://www.town.numata.hokkaido.jp/
北海道,鷹栖町,01452,town,https://www.town.takasu.hokkaido.jp/
北海道,東神楽町,01453,town,https://www.town.higashikagura.lg.jp/
北海道,当麻町,01454,town,http://town.tohma.hokkaido.jp/
北海道,比布町,01455,town,http://www.town.pippu.hokkaido.jp/
北海道,愛別町,01456,town,http://www.town.aibetsu.hokkaido.jp/
北海道,上川町,01457,town,https://www.town.hokkaido-kamikawa.lg.jp/
北海道,東川町,01458,town,https://town.higashikawa.hokkaido.jp/
北海道,美瑛町,01459,town,https://town.biei.hokkaido.jp/
北海道,上富良野町,01460,town,https://www.town.kamifurano.hokkaido.jp/
北海道,中富良野町,01461,town,https://www.town.nakafurano.lg.jp/
北海道,南富良野町,01462,town,https://www.town.minamifurano.hokkaido.jp/
北海道,占冠村,01463,village,https://www.vill.shimukappu.lg.jp/
北海道,和寒町,01464,town,https://www.town.wassamu.hokkaido.jp/
北海道,剣淵町,01465,town,http://www.town.kembuchi.hokkaido.jp/
北海道,下川町,01468,town,http://www.town.shimokawa.hokkaido.jp/
北海道,美深町,01469,town,http://www.town.bifuka.hokkaido.jp/
北海道,音威子府村,01470,village,https://www.vill.otoineppu.hokkaido.jp/
北海道,中川町,01471,town,https://www.town.nakagawa.hokkaido.jp/
北海道,幌加内町,01472,town,https://www.town.horokanai.hokkaido.jp/
北海道,増毛町,01481,town,https://www.town.mashike.hokkaido.jp/
北海道,小平町,01482,town,https://www.city.kodaira.tokyo.jp/
北海道,苫前町,01483,town,http://www.town.tomamae.lg.jp/
北海道,羽幌町,01484,town,https://www.town.haboro.lg.jp/
北海道,初山別村,01485,village,http://www.vill.shosanbetsu.lg.jp/
北海道,遠別町,01486,town,http://www.town.embetsu.hokkaido.jp/
北海道,天塩町,01487,town,http://www.teshiotown.hokkaido.jp/
北海道,猿払村,01511,village,https://www.vill.sarufutsu.hokkaido.jp/
北海道,浜頓別町,01512,town,http://www.town.hamatonbetsu.hokkaido.jp/
北海道,中頓別町,01513,town,https://www.town.nakatombetsu.hokkaido.jp/
北海道,枝幸町,01514,town,https://www.esashi.jp/
北海道,豊富町,01516,town,http://www.town.toyotomi.hokkaido.jp/
北海道,礼文町,01517,town,https://www.town.rebun.hokkaido.jp/
北海道,利尻町,01518,town,http://www.town.rishiri.hokkaido.jp/
北海道,利尻富士町,01519,town,http://www.town.rishirifuji.hokkaido.jp/
北海道,幌延町,01520,town,http://www.town.horonobe.hokkaido.jp/
北海道,美幌町,01543,town,http://www.town.bihoro.hokkaido.jp/
北海道,津別町,01544,town,https://www.town.tsubetsu.hokkaido.jp/
北海道,斜里町,01545,town,https://www.town.shari.hokkaido.jp/
北海道,清里町,01546,town,https://www.town.kiyosato.hokkaido.jp/
北海道,小清水町,01547,town,https://www.town.koshimizu.hokkaido.jp/
北海道,訓子府町,01549,town,http://www.town.kunneppu.hokkaido.jp/
北海道,置戸町,01550,town,http://www.town.oketo.hokkaido.jp/
北海道,佐呂間町,01552,town,https://www.town.saroma.hokkaido.jp/
北海道,遠軽町,01555,town,http://engaru.jp/
北海道,湧別町,01559,town,https://www.town.yubetsu.lg.jp/
北海道,滝上町,01560,town,https://town.takinoue.hokkaido.jp/
北海道,興部町,01561,town,http://www.town.okoppe.lg.jp/
北海道,西興部村,01562,village,https://www.vill.nishiokoppe.lg.jp/
北海道,雄武町,01563,town,http://www.town.oumu.hokkaido.jp/
北海道,大空町,01564,town,http://www.town.ozora.hokkaido.jp/
北海道,豊浦町,01571,town,https://www.town.toyoura.hokkaido.jp/
北海道,壮瞥町,01575,town,https://www.town.sobetsu.lg.jp/
北海道,白老町,01578,town,http://www.town.shiraoi.hokkaido.jp/
北海道,厚真町,01581,town,http://www.town.atsuma.lg.jp/
北海道,洞爺湖町,01584,town,http://www.town.toyako.hokkaido.jp/
北海道,安平町,01585,town,https://www.town.abira.lg.jp/
北海道,むかわ町,01586,town,http://www.town.mukawa.lg.jp/
北海道,平取町,01602,town,http://www.town.biratori.hokkaido.jp/
北海道,新冠町,01604,town,https://www.niikappu.jp/
北海道,浦河町,01607,town,https://www.town.urakawa.hokkaido.jp/
北海道,様似町,01608,town,http://www.samani.jp/
北海道,えりも町,01609,town,https://www.town.erimo.lg.jp/
北海道,新ひだか町,01610,town,https://www.shinhidaka-hokkaido.jp/
北海道,音更町,01631,town,https://www.town.otofuke.hokkaido.jp/
北海道,士幌町,01632,town,https://www.shihoro.jp/
北海道,上士幌町,01633,town,https://www.kamishihoro.jp/
北海道,鹿追町,01634,town,https://www.town.shikaoi.lg.jp/
北海道,新得町,01635,town,https://www.shintoku-town.jp/
北海道,芽室町,01637,town,http://www.memuro.net/
北海道,中札内村,01638,village,https://www.vill.nakasatsunai.hokkaido.jp/
北海道,更別村,01639,village,https://www.sarabetsu.jp/
北海道,大樹町,01641,town,http://www.town.taiki.hokkaido.jp/
北海道,広尾町,01642,town,http://www.town.hiroo.hokkaido.jp/
北海道,幕別町,01643,town,https://www.town.makubetsu.lg.jp/
北海道,豊頃町,01645,town,http://www.toyokoro.jp/
北海道,本別町,01646,town,https://www.town.honbetsu.hokkaido.jp/
北海道,足寄町,01647,town,https://www.town.ashoro.hokkaido.jp/
北海道,陸別町,01648,town,https://www.rikubetsu.jp/
北海道,浦幌町,01649,town,https://www.urahoro.jp/
北海道,釧路町,01661,town,https://www.city.kushiro.lg.jp/
北海道,厚岸町,01662,town,https://www.akkeshi-town.jp/
北海道,浜中町,01663,town,https://www.townhamanaka.jp/
北海道,標茶町,01664,town,http://www.town.shibecha.hokkaido.jp/
北海道,弟子屈町,01665,town,http://www.town.teshikaga.hokkaido.jp/
北海道,鶴居村,01667,village,https://www.vill.tsurui.lg.jp/
北海道,白糠町,01668,town,https://www.town.shiranuka.lg.jp/
北海道,別海町,01691,town,https://betsukai.jp/
北海道,中標津町,01692,town,https://www.nakashibetsu.jp/
北海道,標津町,01693,town,https://www.shibetsutown.jp/
北海道,羅臼町,01694,town,http://www.rausu-town.jp/
北海道,色丹村,01695,village,NA
北海道,留夜別村,01697,village,NA
北海道,留別村,01698,village,NA
北海道,紗那村,01699,village,NA
北海道,蘂取村,01700,village,NA
青森県,青森市,02201,city,https://www.city.aomori.aomori.jp/
青森県,弘前市,02202,city,http://www.city.hirosaki.aomori.jp/
青森県,八戸市,02203,city,https://www.city.hachinohe.aomori.jp/
青森県,黒石市,02204,city,http://www.city.kuroishi.aomori.jp/
青森県,五所川原市,02205,city,http://www.city.goshogawara.lg.jp/
青森県,十和田市,02206,city,https://www.city.towada.lg.jp/
青森県,三沢市,02207,city,https://www.city.misawa.lg.jp/
青森県,むつ市,02208,city,https://www.city.mutsu.lg.jp/
青森県,つがる市,02209,city,https://www.city.tsugaru.aomori.jp/
青森県,平川市,02210,city,https://www.city.hirakawa.lg.jp/
青森県,平内町,02301,town,https://www.town.hiranai.aomori.jp/
青森県,今別町,02303,town,https://www.town.imabetsu.lg.jp/
青森県,蓬田村,02304,village,http://www.vill.yomogita.lg.jp/
青森県,外ヶ浜町,02307,town,http://www.town.sotogahama.lg.jp/
青森県,鰺ヶ沢町,02321,town,https://www.town.ajigasawa.lg.jp/
青森県,深浦町,02323,town,http://www.town.fukaura.lg.jp/
青森県,西目屋村,02343,village,https://www.nishimeya.jp/
青森県,藤崎町,02361,town,http://www.town.fujisaki.lg.jp/
青森県,大鰐町,02362,town,http://www.town.owani.lg.jp/
青森県,田舎館村,02367,village,http://www.vill.inakadate.lg.jp/
青森県,板柳町,02381,town,https://www.town.itayanagi.aomori.jp/
青森県,鶴田町,02384,town,http://www.town.tsuruta.aomori.jp/
青森県,中泊町,02387,town,http://www.town.nakadomari.lg.jp/
青森県,野辺地町,02401,town,http://www.town.noheji.aomori.jp/
青森県,七戸町,02402,town,http://www.town.shichinohe.lg.jp/
青森県,六戸町,02405,town,https://www.town.rokunohe.aomori.jp/
青森県,横浜町,02406,town,http://www.town.yokohama.lg.jp/
青森県,東北町,02408,town,http://www.town.tohoku.lg.jp/
青森県,六ヶ所村,02411,village,https://www.rokkasho.jp/
青森県,おいらせ町,02412,town,https://www.town.oirase.aomori.jp/
青森県,大間町,02423,town,http://www.town.ooma.lg.jp/
青森県,東通村,02424,village,http://www.vill.higashidoori.lg.jp/
青森県,風間浦村,02425,village,https://www.kazamaura.jp/
青森県,佐井村,02426,village,http://www.vill.sai.lg.jp/
青森県,三戸町,02441,town,https://www.town.sannohe.aomori.jp/
青森県,五戸町,02442,town,http://www.town.gonohe.aomori.jp/
青森県,田子町,02443,town,http://www.town.takko.lg.jp/
青森県,階上町,02446,town,https://www.town.hashikami.lg.jp/
青森県,新郷村,02450,village,http://www.vill.shingo.aomori.jp/
岩手県,盛岡市,03201,city,http://www.city.morioka.iwate.jp/
岩手県,宮古市,03202,city,https://www.city.miyako.iwate.jp/
岩手県,大船渡市,03203,city,https://www.city.ofunato.iwate.jp/
岩手県,花巻市,03205,city,https://www.city.hanamaki.iwate.jp/
岩手県,北上市,03206,city,https://www.city.kitakami.iwate.jp/
岩手県,久慈市,03207,city,https://www.city.kuji.iwate.jp/
岩手県,遠野市,03208,city,https://www.city.tono.iwate.jp/
岩手県,一関市,03209,city,https://www.city.ichinoseki.iwate.jp/
岩手県,陸前高田市,03210,city,http://www.city.rikuzentakata.iwate.jp/
岩手県,釜石市,03211,city,http://www.city.kamaishi.iwate.jp/
岩手県,二戸市,03213,city,https://www.city.ninohe.lg.jp/
岩手県,八幡平市,03214,city,https://www.city.hachimantai.lg.jp/
岩手県,奥州市,03215,city,https://www.city.oshu.iwate.jp/
岩手県,滝沢市,03216,city,http://www.city.takizawa.iwate.jp/
岩手県,雫石町,03301,town,https://www.town.shizukuishi.iwate.jp/
岩手県,葛巻町,03302,town,https://www.town.kuzumaki.iwate.jp/
岩手県,岩手町,03303,town,http://town.iwate.iwate.jp/
岩手県,紫波町,03321,town,https://www.town.shiwa.iwate.jp/
岩手県,矢巾町,03322,town,https://www.town.yahaba.iwate.jp/
岩手県,西和賀町,03366,town,http://www.town.nishiwaga.lg.jp/
岩手県,金ケ崎町,03381,town,http://www.town.kanegasaki.iwate.jp/
岩手県,平泉町,03402,town,https://www.town.hiraizumi.iwate.jp/
岩手県,住田町,03441,town,https://www.town.sumita.iwate.jp/
岩手県,大槌町,03461,town,https://www.town.otsuchi.iwate.jp/
岩手県,山田町,03482,town,https://www.town.yamada.iwate.jp/
岩手県,岩泉町,03483,town,https://www.town.iwaizumi.lg.jp/
岩手県,田野畑村,03484,village,https://www.vill.tanohata.iwate.jp/
岩手県,普代村,03485,village,http://www.vill.fudai.iwate.jp/
岩手県,軽米町,03501,town,http://www.town.karumai.iwate.jp/
岩手県,野田村,03503,village,http://www.vill.noda.iwate.jp/
岩手県,九戸村,03506,village,http://www.vill.kunohe.iwate.jp/
岩手県,洋野町,03507,town,https://www.town.hirono.iwate.jp/
岩手県,一戸町,03524,town,http://www.town.ichinohe.iwate.jp/
宮城県,仙台市,04100,ward,https://www.city.sendai.jp/
宮城県,石巻市,04202,city,https://www.city.ishinomaki.lg.jp/
宮城県,塩竈市,04203,city,https://www.city.shiogama.miyagi.jp/
宮城県,気仙沼市,04205,city,https://www.kesennuma.miyagi.jp/
宮城県,白石市,04206,city,http://www.city.shiroishi.miyagi.jp/
宮城県,名取市,04207,city,https://www.city.natori.miyagi.jp/
宮城県,角田市,04208,city,https://www.city.kakuda.lg.jp/
宮城県,多賀城市,04209,city,https://www.city.tagajo.miyagi.jp/
宮城県,岩沼市,04211,city,https://www.city.iwanuma.miyagi.jp/
宮城県,登米市,04212,city,https://www.city.tome.miyagi.jp/
宮城県,栗原市,04213,city,https://www.kuriharacity.jp/
宮城県,東松島市,04214,city,https://www.city.higashimatsushima.miyagi.jp/
宮城県,大崎市,04215,city,https://www.city.osaki.miyagi.jp/
宮城県,富谷市,04216,city,https://www.tomiya-city.miyagi.jp/
宮城県,蔵王町,04301,town,http://www.town.zao.miyagi.jp/
宮城県,七ヶ宿町,04302,town,https://town.shichikashuku.miyagi.jp/
宮城県,大河原町,04321,town,https://www.town.ogawara.miyagi.jp/
宮城県,村田町,04322,town,http://www.town.murata.miyagi.jp/
宮城県,柴田町,04323,town,https://www.town.shibata.miyagi.jp/
宮城県,丸森町,04341,town,http://www.town.marumori.miyagi.jp/
宮城県,亘理町,04361,town,https://www.town.watari.miyagi.jp/
宮城県,山元町,04362,town,https://www.town.yamamoto.miyagi.jp/
宮城県,松島町,04401,town,https://www.town.miyagi-matsushima.lg.jp/
宮城県,七ヶ浜町,04404,town,https://www.shichigahama.com/
宮城県,利府町,04406,town,http://www.town.rifu.miyagi.jp/
宮城県,大和町,04421,town,http://www.city.yamato.lg.jp/
宮城県,大郷町,04422,town,https://www.town.miyagi-osato.lg.jp/
宮城県,大衡村,04424,village,http://www.village.ohira.miyagi.jp/
宮城県,色麻町,04444,town,http://www.town.shikama.miyagi.jp/
宮城県,加美町,04445,town,http://www.town.kami.miyagi.jp/
宮城県,涌谷町,04501,town,http://www.town.wakuya.miyagi.jp/
宮城県,女川町,04581,town,http://www.town.onagawa.miyagi.jp/
宮城県,南三陸町,04606,town,https://www.town.minamisanriku.miyagi.jp/
秋田県,秋田市,05201,city,https://www.city.akita.lg.jp/
秋田県,能代市,05202,city,https://www.city.noshiro.lg.jp/
秋田県,横手市,05203,city,https://www.city.yokote.lg.jp/
秋田県,大館市,05204,city,http://www.city.odate.akita.jp/
秋田県,男鹿市,05206,city,http://www.city.oga.akita.jp/
秋田県,湯沢市,05207,city,http://www.city-yuzawa.jp/
秋田県,鹿角市,05209,city,https://www.city.kazuno.akita.jp/
秋田県,由利本荘市,05210,city,https://www.city.yurihonjo.lg.jp/
秋田県,潟上市,05211,city,http://www.city.katagami.lg.jp/
秋田県,大仙市,05212,city,http://www.city.daisen.akita.jp/
秋田県,北秋田市,05213,city,https://www.city.kitaakita.akita.jp/
秋田県,にかほ市,05214,city,https://www.city.nikaho.akita.jp/
秋田県,仙北市,05215,city,https://www.city.semboku.akita.jp/
秋田県,小坂町,05303,town,https://www.town.kosaka.akita.jp/
秋田県,上小阿仁村,05327,village,https://www.vill.kamikoani.akita.jp/
秋田県,藤里町,05346,town,https://www.town.fujisato.akita.jp/
秋田県,三種町,05348,town,https://www.town.mitane.akita.jp/
秋田県,八峰町,05349,town,http://www.town.happou.akita.jp/
秋田県,五城目町,05361,town,https://www.town.gojome.akita.jp/
秋田県,八郎潟町,05363,town,https://www.town.hachirogata.akita.jp/
秋田県,井川町,05366,town,http://www.town.ikawa.akita.jp/
秋田県,大潟村,05368,village,https://www.ogata.or.jp/
秋田県,羽後町,05463,town,https://www.town.ugo.lg.jp/
秋田県,東成瀬村,05464,village,http://www.higashinaruse.com/
山形県,山形市,06201,city,https://www.city.yamagata-yamagata.lg.jp/
山形県,米沢市,06202,city,https://www.city.yonezawa.yamagata.jp/
山形県,鶴岡市,06203,city,https://www.city.tsuruoka.lg.jp/
山形県,酒田市,06204,city,https://www.city.sakata.lg.jp/
山形県,新庄市,06205,city,https://www.city.shinjo.yamagata.jp/
山形県,寒河江市,06206,city,https://www.city.sagae.yamagata.jp/
山形県,上山市,06207,city,https://www.city.kaminoyama.yamagata.jp/
山形県,村山市,06208,city,https://www.city.murayama.lg.jp/
山形県,長井市,06209,city,https://www.city.nagai.yamagata.jp/
山形県,天童市,06210,city,https://www.city.tendo.yamagata.jp/
山形県,東根市,06211,city,https://www.city.higashine.yamagata.jp/
山形県,尾花沢市,06212,city,http://www.city.obanazawa.yamagata.jp/
山形県,南陽市,06213,city,http://www.city.nanyo.yamagata.jp/
山形県,山辺町,06301,town,https://www.town.yamanobe.yamagata.jp/
山形県,中山町,06302,town,https://www.town.nakayama.yamagata.jp/
山形県,河北町,06321,town,http://www.town.kahoku.yamagata.jp/
山形県,西川町,06322,town,https://www.town.nishikawa.yamagata.jp/
山形県,大江町,06324,town,http://www.town.oe.yamagata.jp/
山形県,大石田町,06341,town,https://www.town.oishida.yamagata.jp/
山形県,最上町,06362,town,http://mogami.tv/
山形県,舟形町,06363,town,http://www.town.funagata.yamagata.jp/
山形県,真室川町,06364,town,https://www.town.mamurogawa.yamagata.jp/
山形県,大蔵村,06365,village,http://www.vill.ohkura.yamagata.jp/
山形県,鮭川村,06366,village,http://www.vill.sakegawa.yamagata.jp/
山形県,戸沢村,06367,village,http://www.vill.tozawa.yamagata.jp/
山形県,高畠町,06381,town,https://www.town.takahata.yamagata.jp/
山形県,白鷹町,06402,town,http://www.town.shirataka.lg.jp/
山形県,飯豊町,06403,town,https://www.town.iide.yamagata.jp/
山形県,三川町,06426,town,https://www.town.mikawa.yamagata.jp/
山形県,庄内町,06428,town,https://www.town.shonai.lg.jp
山形県,遊佐町,06461,town,http://www.town.yuza.yamagata.jp/
福島県,福島市,07201,city,https://www.city.fukushima.fukushima.jp/
福島県,会津若松市,07202,city,https://www.city.aizuwakamatsu.fukushima.jp/
福島県,郡山市,07203,city,https://www.city.koriyama.lg.jp/
福島県,いわき市,07204,city,http://www.city.iwaki.lg.jp/
福島県,白河市,07205,city,http://www.city.shirakawa.fukushima.jp/
福島県,須賀川市,07207,city,http://www.city.sukagawa.fukushima.jp/
福島県,喜多方市,07208,city,https://www.city.kitakata.fukushima.jp/
福島県,相馬市,07209,city,https://www.city.soma.fukushima.jp/
福島県,二本松市,07210,city,http://www.city.nihonmatsu.lg.jp/
福島県,田村市,07211,city,http://www.city.tamura.lg.jp/
福島県,南相馬市,07212,city,https://www.city.minamisoma.lg.jp/
福島県,本宮市,07214,city,https://www.city.motomiya.lg.jp/
福島県,桑折町,07301,town,https://www.town.koori.fukushima.jp/
福島県,国見町,07303,town,https://www.town.kunimi.fukushima.jp/
福島県,川俣町,07308,town,https://www.town.kawamata.lg.jp/
福島県,大玉村,07322,village,https://www.vill.otama.fukushima.jp/
福島県,鏡石町,07342,town,https://www.town.kagamiishi.fukushima.jp/
福島県,天栄村,07344,village,https://www.vill.tenei.fukushima.jp/
福島県,下郷町,07362,town,https://www.town.shimogo.fukushima.jp/
福島県,檜枝岐村,07364,village,http://www.hinoemata.com/
福島県,只見町,07367,town,https://www.town.tadami.lg.jp/
福島県,南会津町,07368,town,http://www.minamiaizu.org/
福島県,北塩原村,07402,village,http://www.vill.kitashiobara.fukushima.jp/
福島県,西会津町,07405,town,https://www.town.nishiaizu.fukushima.jp/
福島県,磐梯町,07407,town,https://www.town.bandai.fukushima.jp/
福島県,猪苗代町,07408,town,http://www.town.inawashiro.fukushima.jp/
福島県,会津坂下町,07421,town,https://www.town.aizubange.fukushima.jp/
福島県,湯川村,07422,village,http://www.vill.yugawa.fukushima.jp/
福島県,柳津町,07423,town,http://www.town.yanaizu.fukushima.jp/
福島県,三島町,07444,town,https://www.city.settsu.osaka.jp/
福島県,会津美里町,07447,town,http://www.town.aizumisato.fukushima.jp/
福島県,西郷村,07461,village,https://www.vill.nishigo.fukushima.jp/
福島県,泉崎村,07464,village,http://www.vill.izumizaki.fukushima.jp/
福島県,中島村,07465,village,https://www.town.ora.gunma.jp/
福島県,矢吹町,07466,town,http://www.town.yabuki.fukushima.jp/
福島県,棚倉町,07481,town,http://www.town.tanagura.fukushima.jp/
福島県,矢祭町,07482,town,http://www.town.yamatsuri.fukushima.jp/
福島県,塙町,07483,town,http://www.town.hanawa.fukushima.jp/
福島県,鮫川村,07484,village,https://www.vill.samegawa.fukushima.jp/
福島県,石川町,07501,town,http://www.town.ishikawa.fukushima.jp/
福島県,玉川村,07502,village,http://www.vill.tamakawa.fukushima.jp/
福島県,平田村,07503,village,http://www.vill.hirata.fukushima.jp/
福島県,浅川町,07504,town,http://www.town.asakawa.fukushima.jp/
福島県,古殿町,07505,town,https://www.town.furudono.fukushima.jp/
福島県,三春町,07521,town,http://www.town.miharu.fukushima.jp/
福島県,小野町,07522,town,http://www.town.ono.fukushima.jp/
福島県,広野町,07541,town,https://www.town.hirono.fukushima.jp/
福島県,楢葉町,07542,town,https://www.town.naraha.lg.jp/
福島県,富岡町,07543,town,https://www.city.tomioka.lg.jp/
福島県,川内村,07544,village,http://www.kawauchimura.jp/
福島県,大熊町,07545,town,https://www.town.okuma.fukushima.jp/
福島県,双葉町,07546,town,https://www.town.fukushima-futaba.lg.jp/
福島県,浪江町,07547,town,https://www.town.namie.fukushima.jp/
福島県,葛尾村,07548,village,https://www.katsurao.org/
福島県,新地町,07561,town,https://www.shinchi-town.jp/
福島県,飯舘村,07564,village,http://www.vill.iitate.fukushima.jp/
茨城県,水戸市,08201,city,https://www.city.mito.lg.jp/
茨城県,日立市,08202,city,https://www.city.hitachi.lg.jp/
茨城県,土浦市,08203,city,https://www.city.tsuchiura.lg.jp/
茨城県,古河市,08204,city,https://www.city.ibaraki-koga.lg.jp/
茨城県,石岡市,08205,city,https://www.city.ishioka.lg.jp/
茨城県,結城市,08207,city,http://www.city.yuki.lg.jp/
茨城県,龍ケ崎市,08208,city,https://www.city.ryugasaki.ibaraki.jp/
茨城県,下妻市,08210,city,https://www.city.shimotsuma.lg.jp/
茨城県,常総市,08211,city,http://www.city.joso.lg.jp/
茨城県,常陸太田市,08212,city,http://www.city.hitachiota.ibaraki.jp/
茨城県,高萩市,08214,city,http://www.city.takahagi.ibaraki.jp/
茨城県,北茨城市,08215,city,https://www.city.kitaibaraki.lg.jp/
茨城県,笠間市,08216,city,https://www.city.kasama.lg.jp/
茨城県,取手市,08217,city,https://www.city.toride.ibaraki.jp/
茨城県,牛久市,08219,city,http://www.city.ushiku.lg.jp/
茨城県,つくば市,08220,city,https://www.city.tsukuba.lg.jp/
茨城県,ひたちなか市,08221,city,NA
茨城県,鹿嶋市,08222,city,http://www.city.kashima.ibaraki.jp/
茨城県,潮来市,08223,city,https://www.city.itako.lg.jp/
茨城県,守谷市,08224,city,https://www.city.moriya.ibaraki.jp/
茨城県,常陸大宮市,08225,city,http://www.city.hitachiomiya.lg.jp/
茨城県,那珂市,08226,city,http://www.city.naka.lg.jp/
茨城県,筑西市,08227,city,https://www.city.chikusei.lg.jp/
茨城県,坂東市,08228,city,http://www.city.bando.lg.jp/
茨城県,稲敷市,08229,city,https://www.city.inashiki.lg.jp/index.html
茨城県,かすみがうら市,08230,city,https://www.city.kasumigaura.lg.jp/
茨城県,桜川市,08231,city,http://www.city.sakuragawa.lg.jp/index.html
茨城県,神栖市,08232,city,http://www.city.kamisu.ibaraki.jp/
茨城県,行方市,08233,city,https://www.city.namegata.ibaraki.jp/
茨城県,鉾田市,08234,city,https://www.city.hokota.lg.jp/
茨城県,つくばみらい市,08235,city,https://www.city.tsukubamirai.lg.jp/
茨城県,小美玉市,08236,city,https://www.city.omitama.lg.jp/
茨城県,茨城町,08302,town,http://www.town.ibaraki.lg.jp/
茨城県,大洗町,08309,town,http://www.town.oarai.lg.jp/
茨城県,城里町,08310,town,http://www.town.shirosato.lg.jp/
茨城県,東海村,08341,village,https://www.vill.tokai.ibaraki.jp/
茨城県,大子町,08364,town,http://www.town.daigo.ibaraki.jp/
茨城県,美浦村,08442,village,https://www.vill.miho.lg.jp/
茨城県,阿見町,08443,town,http://www.town.ami.lg.jp/
茨城県,河内町,08447,town,http://www.town.ibaraki-kawachi.lg.jp/
茨城県,八千代町,08521,town,http://www.city.yachiyo.chiba.jp/
茨城県,五霞町,08542,town,https://www.town.goka.lg.jp/
茨城県,境町,08546,town,http://www.town.sakai.ibaraki.jp/
茨城県,利根町,08564,town,http://www.town.tone.ibaraki.jp/
栃木県,宇都宮市,09201,city,https://www.city.utsunomiya.tochigi.jp/
栃木県,足利市,09202,city,https://www.city.ashikaga.tochigi.jp/
栃木県,栃木市,09203,city,https://www.city.tochigi.lg.jp/
栃木県,佐野市,09204,city,https://www.city.sano.lg.jp/
栃木県,鹿沼市,09205,city,https://www.city.kanuma.tochigi.jp/
栃木県,日光市,09206,city,https://www.city.nikko.lg.jp/
栃木県,小山市,09208,city,https://www.city.oyama.tochigi.jp/
栃木県,真岡市,09209,city,https://www.city.moka.lg.jp/
栃木県,大田原市,09210,city,https://www.city.ohtawara.tochigi.jp/
栃木県,矢板市,09211,city,https://www.city.yaita.tochigi.jp/
栃木県,那須塩原市,09213,city,http://www.city.nasushiobara.lg.jp/
栃木県,さくら市,09214,city,https://www.city.tochigi-sakura.lg.jp/
栃木県,那須烏山市,09215,city,https://www.city.nasukarasuyama.lg.jp/
栃木県,下野市,09216,city,https://www.city.shimotsuke.lg.jp/
栃木県,上三川町,09301,town,https://www.town.kaminokawa.lg.jp/
栃木県,益子町,09342,town,http://www.town.mashiko.tochigi.jp/
栃木県,茂木町,09343,town,https://www.town.motegi.tochigi.jp/
栃木県,市貝町,09344,town,https://www.town.ichikai.tochigi.jp/
栃木県,芳賀町,09345,town,https://www.town.tochigi-haga.lg.jp/
栃木県,壬生町,09361,town,http://www.town.mibu.tochigi.jp/
栃木県,野木町,09364,town,http://www.town.nogi.lg.jp/
栃木県,塩谷町,09384,town,https://www.town.shioya.tochigi.jp/
栃木県,高根沢町,09386,town,https://www.town.takanezawa.tochigi.jp/
栃木県,那須町,09407,town,https://www.town.nasu.lg.jp/
栃木県,那珂川町,09411,town,https://www.city.nakagawa.lg.jp/
群馬県,前橋市,10201,city,NA
群馬県,高崎市,10202,city,https://www.city.takasaki.gunma.jp/
群馬県,桐生市,10203,city,http://www.city.kiryu.lg.jp/
群馬県,伊勢崎市,10204,city,https://www.city.isesaki.lg.jp/
群馬県,太田市,10205,city,https://www.city.ota.gunma.jp/
群馬県,沼田市,10206,city,http://www.city.numata.gunma.jp/
群馬県,館林市,10207,city,https://www.city.tatebayashi.gunma.jp/
群馬県,渋川市,10208,city,http://www.city.shibukawa.lg.jp/
群馬県,藤岡市,10209,city,https://www.city.fujioka.gunma.jp/
群馬県,富岡市,10210,city,https://www.city.tomioka.lg.jp/
群馬県,安中市,10211,city,https://www.city.annaka.lg.jp/
群馬県,みどり市,10212,city,https://www.city.midori.gunma.jp/
群馬県,榛東村,10344,village,http://www.vill.shinto.gunma.jp/
群馬県,吉岡町,10345,town,https://www.town.yoshioka.gunma.jp/
群馬県,上野村,10366,village,http://www.uenomura.jp/
群馬県,神流町,10367,town,http://www.town.kanna.gunma.jp/
群馬県,下仁田町,10382,town,https://www.town.shimonita.lg.jp/
群馬県,甘楽町,10384,town,http://www.town.kanra.gunma.jp/
群馬県,中之条町,10421,town,https://town.nakanojo.gunma.jp/
群馬県,長野原町,10424,town,http://www.town.naganohara.gunma.jp/
群馬県,嬬恋村,10425,village,https://www.vill.tsumagoi.gunma.jp/
群馬県,草津町,10426,town,https://www.town.kusatsu.gunma.jp/
群馬県,東吾妻町,10429,town,https://www.town.higashiagatsuma.gunma.jp/
群馬県,片品村,10443,village,http://www.vill.katashina.gunma.jp/
群馬県,川場村,10444,village,http://www.vill.kawaba.gunma.jp/
群馬県,みなかみ町,10449,town,http://www.town.minakami.gunma.jp/
群馬県,玉村町,10464,town,https://www.town.tamamura.lg.jp/
群馬県,板倉町,10521,town,http://www.town.itakura.gunma.jp/
群馬県,千代田町,10523,town,https://www.town.chiyoda.gunma.jp/
群馬県,大泉町,10524,town,http://www.town.oizumi.gunma.jp/
群馬県,邑楽町,10525,town,https://www.town.ora.gunma.jp/
埼玉県,さいたま市,11100,ward,https://www.city.saitama.jp/
埼玉県,川越市,11201,city,https://www.city.kawagoe.saitama.jp/
埼玉県,熊谷市,11202,city,NA
埼玉県,川口市,11203,city,https://www.city.kawaguchi.lg.jp/
埼玉県,行田市,11206,city,https://www.city.gyoda.lg.jp/
埼玉県,秩父市,11207,city,http://www.city.chichibu.lg.jp/
埼玉県,所沢市,11208,city,https://www.city.tokorozawa.saitama.jp/
埼玉県,飯能市,11209,city,https://www.city.hanno.lg.jp/
埼玉県,加須市,11210,city,https://www.city.kazo.lg.jp/
埼玉県,本庄市,11211,city,http://www.city.honjo.lg.jp/
埼玉県,東松山市,11212,city,http://www.city.higashimatsuyama.lg.jp/
埼玉県,春日部市,11214,city,https://www.city.kasukabe.lg.jp/
埼玉県,狭山市,11215,city,https://www.city.sayama.saitama.jp/
埼玉県,羽生市,11216,city,https://www.city.hanyu.lg.jp/
埼玉県,鴻巣市,11217,city,http://www.city.kounosu.saitama.jp/
埼玉県,深谷市,11218,city,http://www.city.fukaya.saitama.jp/
埼玉県,上尾市,11219,city,https://www.city.ageo.lg.jp/
埼玉県,草加市,11221,city,https://www.city.soka.saitama.jp/
埼玉県,越谷市,11222,city,https://www.city.koshigaya.saitama.jp/
埼玉県,蕨市,11223,city,https://www.city.warabi.saitama.jp/
埼玉県,戸田市,11224,city,https://www.city.toda.saitama.jp/
埼玉県,入間市,11225,city,http://www.city.iruma.saitama.jp/
埼玉県,朝霞市,11227,city,https://www.city.asaka.lg.jp/
埼玉県,志木市,11228,city,https://www.city.shiki.lg.jp/
埼玉県,和光市,11229,city,http://www.city.wako.lg.jp/
埼玉県,新座市,11230,city,https://www.city.niiza.lg.jp/
埼玉県,桶川市,11231,city,https://www.city.okegawa.lg.jp/
埼玉県,久喜市,11232,city,https://www.city.kuki.lg.jp/
埼玉県,北本市,11233,city,http://www.city.kitamoto.saitama.jp/
埼玉県,八潮市,11234,city,https://www.city.yashio.lg.jp/
埼玉県,富士見市,11235,city,https://www.city.fujimi.saitama.jp/
埼玉県,三郷市,11237,city,http://www.city.misato.lg.jp/
埼玉県,蓮田市,11238,city,https://www.city.hasuda.saitama.jp/
埼玉県,坂戸市,11239,city,https://www.city.sakado.lg.jp/
埼玉県,幸手市,11240,city,https://www.city.satte.lg.jp/
埼玉県,鶴ヶ島市,11241,city,https://www.city.tsurugashima.lg.jp/
埼玉県,日高市,11242,city,https://www.city.hidaka.lg.jp/
埼玉県,吉川市,11243,city,https://www.city.yoshikawa.saitama.jp/
埼玉県,ふじみ野市,11245,city,http://www.city.fujimino.saitama.jp/
埼玉県,白岡市,11246,city,http://www.city.shiraoka.lg.jp/
埼玉県,伊奈町,11301,town,https://www.town.saitama-ina.lg.jp/
埼玉県,三芳町,11324,town,https://www.town.saitama-miyoshi.lg.jp/
埼玉県,毛呂山町,11326,town,http://www.town.moroyama.saitama.jp/
埼玉県,越生町,11327,town,http://www.town.ogose.saitama.jp/
埼玉県,滑川町,11341,town,https://www.city.namerikawa.toyama.jp/
埼玉県,嵐山町,11342,town,https://www.town.ranzan.saitama.jp/
埼玉県,小川町,11343,town,http://www.town.ogawa.saitama.jp/
埼玉県,川島町,11346,town,https://www.town.kawajima.saitama.jp/
埼玉県,吉見町,11347,town,http://www.town.yoshimi.saitama.jp/
埼玉県,鳩山町,11348,town,http://www.town.hatoyama.saitama.jp/
埼玉県,ときがわ町,11349,town,https://www.town.tokigawa.lg.jp/
埼玉県,横瀬町,11361,town,http://www.town.yokoze.saitama.jp/
埼玉県,皆野町,11362,town,https://www.town.minano.saitama.jp/
埼玉県,長瀞町,11363,town,http://www.town.nagatoro.saitama.jp/
埼玉県,小鹿野町,11365,town,https://www.town.ogano.lg.jp/
埼玉県,東秩父村,11369,village,https://www.vill.higashichichibu.saitama.jp/
埼玉県,神川町,11383,town,https://www.town.kamikawa.saitama.jp/
埼玉県,上里町,11385,town,http://www.town.kamisato.saitama.jp/
埼玉県,寄居町,11408,town,https://www.town.yorii.saitama.jp/
埼玉県,宮代町,11442,town,https://www.town.miyashiro.lg.jp/
埼玉県,杉戸町,11464,town,https://www.town.sugito.lg.jp/
埼玉県,松伏町,11465,town,http://www.town.matsubushi.lg.jp/
千葉県,千葉市,12100,ward,https://www.city.chiba.jp/
千葉県,銚子市,12202,city,https://www.city.choshi.chiba.jp/
千葉県,市川市,12203,city,https://www.city.ichikawa.lg.jp/
千葉県,船橋市,12204,city,http://www.ichifuna.ed.jp
千葉県,館山市,12205,city,https://www.city.tateyama.chiba.jp/
千葉県,木更津市,12206,city,https://www.city.kisarazu.lg.jp/
千葉県,松戸市,12207,city,https://www.city.matsudo.chiba.jp/
千葉県,野田市,12208,city,https://www.city.noda.chiba.jp/
千葉県,茂原市,12210,city,https://www.city.mobara.chiba.jp/
千葉県,成田市,12211,city,https://www.city.narita.chiba.jp/
千葉県,佐倉市,12212,city,https://www.city.sakura.lg.jp/
千葉県,東金市,12213,city,https://www.city.togane.chiba.jp/
千葉県,旭市,12215,city,http://www.city.asahi.lg.jp/
千葉県,習志野市,12216,city,https://www.city.narashino.lg.jp/
千葉県,柏市,12217,city,https://www.city.kashiwa.lg.jp/
千葉県,勝浦市,12218,city,https://www.city.katsuura.lg.jp/
千葉県,市原市,12219,city,https://www.city.ichihara.chiba.jp/
千葉県,流山市,12220,city,https://www.city.nagareyama.chiba.jp/
千葉県,八千代市,12221,city,http://www.city.yachiyo.chiba.jp/
千葉県,我孫子市,12222,city,https://www.city.abiko.chiba.jp/
千葉県,鴨川市,12223,city,http://www.city.kamogawa.lg.jp/
千葉県,鎌ケ谷市,12224,city,https://www.city.kamagaya.chiba.jp/
千葉県,君津市,12225,city,https://www.city.kimitsu.lg.jp/
千葉県,富津市,12226,city,https://www.city.futtsu.lg.jp/
千葉県,浦安市,12227,city,http://www.city.urayasu.lg.jp/
千葉県,四街道市,12228,city,https://www.city.yotsukaido.chiba.jp/
千葉県,袖ケ浦市,12229,city,https://www.city.sodegaura.lg.jp/
千葉県,八街市,12230,city,https://www.city.yachimata.lg.jp/
千葉県,印西市,12231,city,https://www.city.inzai.lg.jp/
千葉県,白井市,12232,city,http://www.city.shiroi.chiba.jp/
千葉県,富里市,12233,city,https://www.city.tomisato.lg.jp/
千葉県,南房総市,12234,city,https://www.city.minamiboso.chiba.jp/
千葉県,匝瑳市,12235,city,https://www.city.sosa.lg.jp/
千葉県,香取市,12236,city,https://www.city.katori.lg.jp/
千葉県,山武市,12237,city,https://www.city.sammu.lg.jp/
千葉県,いすみ市,12238,city,http://www.city.isumi.lg.jp/
千葉県,大網白里市,12239,city,https://www.city.oamishirasato.lg.jp/
千葉県,酒々井町,12322,town,https://www.town.shisui.chiba.jp/
千葉県,栄町,12329,town,http://www.town.sakae.chiba.jp/
千葉県,神崎町,12342,town,https://www.town.kozaki.chiba.jp/
千葉県,多古町,12347,town,https://www.town.tako.chiba.jp/
千葉県,東庄町,12349,town,https://www.town.tohnosho.chiba.jp/
千葉県,九十九里町,12403,town,https://www.town.kujukuri.chiba.jp/
千葉県,芝山町,12409,town,https://www.town.shibayama.lg.jp/
千葉県,横芝光町,12410,town,http://www.town.yokoshibahikari.chiba.jp/
千葉県,一宮町,12421,town,https://www.city.ichinomiya.aichi.jp/
千葉県,睦沢町,12422,town,http://www.town.mutsuzawa.chiba.jp/
千葉県,長生村,12423,village,https://www.vill.chosei.chiba.jp/
千葉県,白子町,12424,town,https://www.town.shirako.lg.jp/
千葉県,長柄町,12426,town,https://www.town.nagara.chiba.jp/
千葉県,長南町,12427,town,https://www.town.chonan.chiba.jp/
千葉県,大多喜町,12441,town,http://www.town.otaki.chiba.jp/
千葉県,御宿町,12443,town,http://www.town.onjuku.chiba.jp/
千葉県,鋸南町,12463,town,http://www.town.kyonan.chiba.jp/
東京都,千代田区,13101,ward,https://www.city.chiyoda.lg.jp/
東京都,中央区,13102,ward,https://www.city.chuo.lg.jp/
東京都,港区,13103,ward,https://www.city.minato.tokyo.jp/
東京都,新宿区,13104,ward,https://www.city.shinjuku.lg.jp/
東京都,文京区,13105,ward,https://www.city.bunkyo.lg.jp/
東京都,台東区,13106,ward,http://www.city.taito.lg.jp/
東京都,墨田区,13107,ward,https://www.city.sumida.lg.jp/
東京都,江東区,13108,ward,https://www.city.koto.lg.jp/
東京都,品川区,13109,ward,https://www.city.shinagawa.tokyo.jp/
東京都,目黒区,13110,ward,https://www.city.meguro.tokyo.jp/
東京都,大田区,13111,ward,https://www.city.ota.tokyo.jp/
東京都,世田谷区,13112,ward,https://www.city.setagaya.lg.jp/
東京都,渋谷区,13113,ward,https://www.city.shibuya.tokyo.jp/
東京都,中野区,13114,ward,https://www.city.tokyo-nakano.lg.jp/
東京都,杉並区,13115,ward,https://www.city.suginami.tokyo.jp/
東京都,豊島区,13116,ward,https://www.city.toshima.lg.jp/
東京都,北区,13117,ward,https://www.city.kita.tokyo.jp/
東京都,荒川区,13118,ward,https://www.city.arakawa.tokyo.jp/
東京都,板橋区,13119,ward,http://www.city.itabashi.tokyo.jp/
東京都,練馬区,13120,ward,https://www.city.nerima.tokyo.jp/
東京都,足立区,13121,ward,NA
東京都,葛飾区,13122,ward,http://www.city.katsushika.lg.jp/
東京都,江戸川区,13123,ward,https://www.city.edogawa.tokyo.jp/
東京都,八王子市,13201,city,https://www.city.hachioji.tokyo.jp/
東京都,立川市,13202,city,https://www.city.tachikawa.lg.jp/
東京都,武蔵野市,13203,city,http://www.city.musashino.lg.jp/
東京都,三鷹市,13204,city,http://www.city.mitaka.tokyo.jp/
東京都,青梅市,13205,city,https://www.city.ome.tokyo.jp/
東京都,昭島市,13207,city,http://www.city.akishima.lg.jp/
東京都,調布市,13208,city,https://www.city.chofu.tokyo.jp/
東京都,町田市,13209,city,https://www.city.machida.tokyo.jp/
東京都,小金井市,13210,city,https://www.city.koganei.lg.jp/
東京都,小平市,13211,city,https://www.city.kodaira.tokyo.jp/
東京都,日野市,13212,city,http://www.city.hino.lg.jp/
東京都,東村山市,13213,city,https://www.city.higashimurayama.tokyo.jp/
東京都,国分寺市,13214,city,http://www.city.kokubunji.tokyo.jp/
東京都,国立市,13215,city,http://www.city.kunitachi.tokyo.jp/
東京都,福生市,13218,city,https://www.city.fussa.tokyo.jp/
東京都,狛江市,13219,city,https://www.city.komae.tokyo.jp/
東京都,東大和市,13220,city,https://www.city.higashiyamato.lg.jp/
東京都,清瀬市,13221,city,https://www.city.kiyose.lg.jp/
東京都,東久留米市,13222,city,http://www.city.higashikurume.lg.jp/
東京都,武蔵村山市,13223,city,http://www.city.musashimurayama.lg.jp/
東京都,多摩市,13224,city,https://www.city.tama.lg.jp/
東京都,稲城市,13225,city,https://www.city.inagi.tokyo.jp/
東京都,羽村市,13227,city,https://www.city.hamura.tokyo.jp/
東京都,あきる野市,13228,city,https://www.city.akiruno.tokyo.jp/
東京都,西東京市,13229,city,https://www.city.nishitokyo.lg.jp/
東京都,瑞穂町,13303,town,https://www.town.mizuho.tokyo.jp/
東京都,日の出町,13305,town,https://www.town.hinode.tokyo.jp/
東京都,檜原村,13307,village,https://www.vill.hinohara.tokyo.jp/
東京都,奥多摩町,13308,town,http://www.town.okutama.tokyo.jp/
東京都,大島町,13361,town,https://www.town.oshima.tokyo.jp/
東京都,利島村,13362,village,http://www.toshimamura.org/
東京都,新島村,13363,village,https://www.niijima.com/
東京都,神津島村,13364,village,https://vill.kouzushima.tokyo.jp/
東京都,三宅村,13381,village,https://www.vill.miyake.tokyo.jp/
東京都,御蔵島村,13382,village,http://www.mikurasima.jp/
東京都,八丈町,13401,town,http://www.town.hachijo.tokyo.jp/
東京都,青ヶ島村,13402,village,http://www.vill.aogashima.tokyo.jp/
東京都,小笠原村,13421,village,https://www.vill.ogasawara.tokyo.jp/
神奈川県,横浜市,14100,ward,https://www.city.yokohama.lg.jp/
神奈川県,川崎市,14130,ward,https://www.city.kawasaki.jp/
神奈川県,相模原市,14150,ward,http://www.city.sagamihara.kanagawa.jp/
神奈川県,横須賀市,14201,city,https://www.city.yokosuka.kanagawa.jp/
神奈川県,平塚市,14203,city,http://www.city.hiratsuka.kanagawa.jp/
神奈川県,鎌倉市,14204,city,https://www.city.kamakura.kanagawa.jp/
神奈川県,藤沢市,14205,city,https://www.city.fujisawa.kanagawa.jp/
神奈川県,小田原市,14206,city,https://www.city.odawara.kanagawa.jp/
神奈川県,茅ヶ崎市,14207,city,http://www.city.chigasaki.kanagawa.jp/
神奈川県,逗子市,14208,city,https://www.city.zushi.kanagawa.jp/
神奈川県,三浦市,14210,city,https://www.city.miura.kanagawa.jp/
神奈川県,秦野市,14211,city,https://www.city.hadano.kanagawa.jp/
神奈川県,厚木市,14212,city,https://www.city.atsugi.kanagawa.jp/
神奈川県,大和市,14213,city,http://www.city.yamato.lg.jp/
神奈川県,伊勢原市,14214,city,http://www.city.isehara.kanagawa.jp/
神奈川県,海老名市,14215,city,https://www.city.ebina.kanagawa.jp/
神奈川県,座間市,14216,city,http://www.city.zama.kanagawa.jp/
神奈川県,南足柄市,14217,city,https://www.city.minamiashigara.kanagawa.jp/
神奈川県,綾瀬市,14218,city,https://www.city.ayase.kanagawa.jp/
神奈川県,葉山町,14301,town,https://www.town.hayama.lg.jp/
神奈川県,寒川町,14321,town,https://www.town.samukawa.kanagawa.jp/
神奈川県,大磯町,14341,town,https://www.town.oiso.kanagawa.jp/
神奈川県,二宮町,14342,town,http://www.town.ninomiya.kanagawa.jp/
神奈川県,中井町,14361,town,https://www.town.nakai.kanagawa.jp/
神奈川県,大井町,14362,town,https://www.town.oi.kanagawa.jp/
神奈川県,松田町,14363,town,https://town.matsuda.kanagawa.jp/
神奈川県,山北町,14364,town,https://www.town.yamakita.kanagawa.jp/
神奈川県,開成町,14366,town,https://www.town.kaisei.kanagawa.jp/
神奈川県,箱根町,14382,town,https://www.town.hakone.kanagawa.jp/
神奈川県,真鶴町,14383,town,https://www.town.manazuru.kanagawa.jp/
神奈川県,湯河原町,14384,town,https://www.town.yugawara.kanagawa.jp/
神奈川県,愛川町,14401,town,https://www.town.aikawa.kanagawa.jp/
神奈川県,清川村,14402,village,https://www.town.kiyokawa.kanagawa.jp/
新潟県,新潟市,15100,ward,https://www.city.niigata.lg.jp/
新潟県,長岡市,15202,city,https://www.city.nagaoka.niigata.jp/
新潟県,三条市,15204,city,https://www.city.sanjo.niigata.jp/
新潟県,柏崎市,15205,city,https://www.city.kashiwazaki.lg.jp/
新潟県,新発田市,15206,city,http://www.city.shibata.lg.jp/
新潟県,小千谷市,15208,city,https://www.city.ojiya.niigata.jp/
新潟県,加茂市,15209,city,http://www.city.kamo.niigata.jp/
新潟県,十日町市,15210,city,http://www.city.tokamachi.lg.jp/
新潟県,見附市,15211,city,http://www.city.mitsuke.niigata.jp/
新潟県,村上市,15212,city,https://www.city.murakami.lg.jp/
新潟県,燕市,15213,city,http://www.city.tsubame.niigata.jp/
新潟県,糸魚川市,15216,city,https://www.city.itoigawa.lg.jp/
新潟県,妙高市,15217,city,https://www.city.myoko.niigata.jp/
新潟県,五泉市,15218,city,https://www.city.gosen.lg.jp/
新潟県,上越市,15222,city,https://www.city.joetsu.niigata.jp/
新潟県,阿賀野市,15223,city,http://www.city.agano.niigata.jp/
新潟県,佐渡市,15224,city,https://www.city.sado.niigata.jp/
新潟県,魚沼市,15225,city,https://www.city.uonuma.niigata.jp/
新潟県,南魚沼市,15226,city,http://www.city.minamiuonuma.niigata.jp/
新潟県,胎内市,15227,city,http://www.city.tainai.niigata.jp/
新潟県,聖籠町,15307,town,http://www.town.seiro.niigata.jp/
新潟県,弥彦村,15342,village,http://www.vill.yahiko.niigata.jp/
新潟県,田上町,15361,town,http://www.town.tagami.niigata.jp/
新潟県,阿賀町,15385,town,http://www.town.aga.niigata.jp/
新潟県,出雲崎町,15405,town,https://www.town.izumozaki.niigata.jp/
新潟県,湯沢町,15461,town,https://www.town.yuzawa.lg.jp/
新潟県,津南町,15482,town,http://www.town.tsunan.niigata.jp/
新潟県,刈羽村,15504,village,http://www.vill.kariwa.niigata.jp/
新潟県,関川村,15581,village,http://www.vill.sekikawa.niigata.jp/
新潟県,粟島浦村,15586,village,http://www.vill.awashimaura.lg.jp/
富山県,富山市,16201,city,https://www.city.toyama.toyama.jp/
富山県,高岡市,16202,city,https://www.city.takaoka.toyama.jp/
富山県,魚津市,16204,city,https://www.city.uozu.toyama.jp/
富山県,氷見市,16205,city,https://www.city.himi.toyama.jp/
富山県,滑川市,16206,city,https://www.city.namerikawa.toyama.jp/
富山県,黒部市,16207,city,https://www.city.kurobe.toyama.jp/
富山県,砺波市,16208,city,https://www.city.tonami.toyama.jp/
富山県,小矢部市,16209,city,http://www.city.oyabe.toyama.jp/
富山県,南砺市,16210,city,https://www.city.nanto.toyama.jp/
富山県,射水市,16211,city,https://www.city.imizu.toyama.jp/
富山県,舟橋村,16321,village,http://www.vill.funahashi.toyama.jp/
富山県,上市町,16322,town,https://www.town.kamiichi.toyama.jp/
富山県,立山町,16323,town,http://www.town.tateyama.toyama.jp/
富山県,入善町,16342,town,https://www.town.nyuzen.toyama.jp/
石川県,金沢市,17201,city,https://www4.city.kanazawa.lg.jp/
石川県,七尾市,17202,city,https://www.city.nanao.lg.jp/
石川県,小松市,17203,city,https://www.city.komatsu.lg.jp/
石川県,輪島市,17204,city,https://www.city.wajima.ishikawa.jp/
石川県,珠洲市,17205,city,https://www.city.suzu.lg.jp/
石川県,加賀市,17206,city,http://www.city.kaga.ishikawa.jp/
石川県,羽咋市,17207,city,https://www.city.hakui.lg.jp/
石川県,かほく市,17209,city,http://www.city.kahoku.ishikawa.jp/
石川県,白山市,17210,city,https://www.city.hakusan.lg.jp/
石川県,能美市,17211,city,https://www.city.nomi.ishikawa.jp/
石川県,野々市市,17212,city,https://www.city.nonoichi.lg.jp/
石川県,川北町,17324,town,http://www.town.kawakita.ishikawa.jp/
石川県,津幡町,17361,town,https://www.town.tsubata.lg.jp/
石川県,内灘町,17365,town,http://www.town.uchinada.lg.jp/webapps/www/index.jsp
石川県,志賀町,17384,town,https://www.town.shika.lg.jp/
石川県,宝達志水町,17386,town,https://www.hodatsushimizu.jp/
石川県,中能登町,17407,town,https://www.town.nakanoto.ishikawa.jp/
石川県,穴水町,17461,town,https://www.town.anamizu.lg.jp/
石川県,能登町,17463,town,https://www.town.noto.lg.jp/
福井県,福井市,18201,city,NA
福井県,敦賀市,18202,city,https://www.city.tsuruga.lg.jp/
福井県,小浜市,18204,city,https://www1.city.obama.fukui.jp/
福井県,大野市,18205,city,https://www.city.ono.fukui.jp/
福井県,勝山市,18206,city,https://www.city.katsuyama.fukui.jp/
福井県,鯖江市,18207,city,https://www.city.sabae.fukui.jp/
福井県,あわら市,18208,city,http://www.city.awara.lg.jp/
福井県,越前市,18209,city,http://www.city.echizen.lg.jp/
福井県,坂井市,18210,city,https://www.city.fukui-sakai.lg.jp/
福井県,永平寺町,18322,town,https://www.town.eiheiji.lg.jp/
福井県,南越前町,18404,town,https://www.town.minamiechizen.lg.jp/
福井県,越前町,18423,town,https://www.town.echizen.fukui.jp/
福井県,高浜町,18481,town,http://www.city.takahama.lg.jp/
福井県,おおい町,18483,town,https://www.town.ohi.fukui.jp/
福井県,若狭町,18501,town,http://www.town.fukui-wakasa.lg.jp/
山梨県,甲府市,19201,city,http://www.city.kofu.yamanashi.jp/
山梨県,富士吉田市,19202,city,https://www.city.fujiyoshida.yamanashi.jp/
山梨県,都留市,19204,city,https://www.city.tsuru.yamanashi.jp/
山梨県,山梨市,19205,city,https://www.city.yamanashi.yamanashi.jp/
山梨県,大月市,19206,city,http://www.city.otsuki.yamanashi.jp/
山梨県,韮崎市,19207,city,https://www.city.nirasaki.lg.jp/
山梨県,南アルプス市,19208,city,https://www.city.minami-alps.yamanashi.jp/
山梨県,北杜市,19209,city,https://www.city.hokuto.yamanashi.jp/
山梨県,甲斐市,19210,city,https://www.city.kai.yamanashi.jp/
山梨県,笛吹市,19211,city,https://www.city.fuefuki.yamanashi.jp/
山梨県,上野原市,19212,city,https://www.city.uenohara.yamanashi.jp/
山梨県,甲州市,19213,city,https://www.city.koshu.yamanashi.jp/
山梨県,中央市,19214,city,https://www.city.chuo.yamanashi.jp/
山梨県,市川三郷町,19346,town,http://www.town.ichikawamisato.yamanashi.jp/
山梨県,早川町,19364,town,http://www.town.hayakawa.yamanashi.jp/
山梨県,身延町,19365,town,https://www.town.minobu.lg.jp/
山梨県,富士川町,19368,town,https://www.town.fujikawa.yamanashi.jp/
山梨県,昭和町,19384,town,https://www.town.showa.yamanashi.jp/
山梨県,道志村,19422,village,http://www.vill.doshi.lg.jp/
山梨県,西桂町,19423,town,https://www.town.nishikatsura.yamanashi.jp/
山梨県,忍野村,19424,village,https://www.vill.oshino.lg.jp/
山梨県,山中湖村,19425,village,http://www.vill.yamanakako.lg.jp/
山梨県,鳴沢村,19429,village,https://www.vill.narusawa.yamanashi.jp/
山梨県,富士河口湖町,19430,town,https://www.town.fujikawaguchiko.lg.jp/
山梨県,小菅村,19442,village,http://www.vill.kosuge.yamanashi.jp/
山梨県,丹波山村,19443,village,https://www.vill.tabayama.yamanashi.jp/
長野県,長野市,20201,city,https://www.city.nagano.nagano.jp/
長野県,松本市,20202,city,https://www.city.matsumoto.nagano.jp/
長野県,上田市,20203,city,https://www.city.ueda.nagano.jp/
長野県,岡谷市,20204,city,https://www.city.okaya.lg.jp/
長野県,飯田市,20205,city,https://www.city.iida.lg.jp/
長野県,諏訪市,20206,city,https://www.city.suwa.lg.jp/
長野県,須坂市,20207,city,https://www.city.suzaka.nagano.jp/
長野県,小諸市,20208,city,https://www.city.komoro.lg.jp/
長野県,伊那市,20209,city,https://www.inacity.jp/
長野県,駒ヶ根市,20210,city,https://www.city.komagane.nagano.jp/
長野県,中野市,20211,city,https://www.city.nakano.nagano.jp/
長野県,大町市,20212,city,http://www.city.omachi.nagano.jp/
長野県,飯山市,20213,city,https://www.city.iiyama.nagano.jp/
長野県,茅野市,20214,city,https://www.city.chino.lg.jp/
長野県,塩尻市,20215,city,https://www.city.shiojiri.lg.jp/
長野県,佐久市,20217,city,https://www.city.saku.nagano.jp/
長野県,千曲市,20218,city,https://www.city.chikuma.lg.jp/
長野県,東御市,20219,city,https://www.city.tomi.nagano.jp/
長野県,安曇野市,20220,city,https://www.city.azumino.nagano.jp/
長野県,小海町,20303,town,http://www.koumi-town.jp/
長野県,南相木村,20306,village,http://www.minamiaiki.jp/
長野県,北相木村,20307,village,http://vill.kitaaiki.nagano.jp/
長野県,佐久穂町,20309,town,https://www.town.sakuho.nagano.jp/
長野県,軽井沢町,20321,town,https://www.town.karuizawa.lg.jp/
長野県,御代田町,20323,town,https://www.town.miyota.nagano.jp/
長野県,立科町,20324,town,https://www.town.tateshina.nagano.jp/
長野県,青木村,20349,village,http://www.vill.aoki.nagano.jp/
長野県,長和町,20350,town,https://town.nagawa.nagano.jp/
長野県,下諏訪町,20361,town,http://www.town.shimosuwa.lg.jp/
長野県,富士見町,20362,town,https://www.city.fujimi.saitama.jp/
長野県,原村,20363,village,https://www.vill.hara.lg.jp/
長野県,辰野町,20382,town,https://www.town.tatsuno.lg.jp/
長野県,箕輪町,20383,town,http://www.town.minowa.lg.jp/
長野県,飯島町,20384,town,http://www.town.iijima.lg.jp/
長野県,南箕輪村,20385,village,https://www.vill.minamiminowa.lg.jp/
長野県,中川村,20386,village,https://www.vill.nakagawa.nagano.jp/
長野県,宮田村,20388,village,https://www.vill.miyada.nagano.jp/
長野県,松川町,20402,town,https://www.town.matsukawa.lg.jp/
長野県,阿南町,20404,town,http://www.town.anan.nagano.jp/
長野県,阿智村,20407,village,https://www.vill.achi.lg.jp/
長野県,平谷村,20409,village,http://hirayamura.jp/
長野県,根羽村,20410,village,http://nebamura.jp/
長野県,下條村,20411,village,http://www.vill-shimojo.jp/
長野県,売木村,20412,village,http://www.urugi.jp/
長野県,天龍村,20413,village,http://www.vill-tenryu.jp/
長野県,泰阜村,20414,village,http://vill.yasuoka.nagano.jp/
長野県,喬木村,20415,village,http://www.vill.takagi.nagano.jp/
長野県,豊丘村,20416,village,https://www.vill.nagano-toyooka.lg.jp/
長野県,大鹿村,20417,village,http://www.vill.ooshika.nagano.jp/
長野県,上松町,20422,town,http://www.town.agematsu.nagano.jp/
長野県,南木曽町,20423,town,http://www.town.nagiso.nagano.jp/
長野県,木祖村,20425,village,http://www.vill.kiso.nagano.jp/
長野県,王滝村,20429,village,http://www.vill.otaki.nagano.jp/
長野県,大桑村,20430,village,http://www.vill.ookuwa.nagano.jp/
長野県,木曽町,20432,town,https://www.town-kiso.com/
長野県,麻績村,20446,village,http://www.vill.omi.nagano.jp/
長野県,生坂村,20448,village,http://www.village.ikusaka.nagano.jp/
長野県,山形村,20450,village,http://www.vill.yamagata.nagano.jp/
長野県,朝日村,20451,village,http://www.town.asahi.mie.jp/
長野県,筑北村,20452,village,http://www.vill.chikuhoku.lg.jp/
長野県,松川村,20482,village,http://www.vill.matsukawa.nagano.jp/
長野県,白馬村,20485,village,https://www.vill.hakuba.lg.jp/
長野県,小谷村,20486,village,http://www.vill.otari.nagano.jp/
長野県,坂城町,20521,town,http://www.town.sakaki.nagano.jp/
長野県,小布施町,20541,town,https://www.town.obuse.nagano.jp/
長野県,山ノ内町,20561,town,http://www.town.yamanouchi.nagano.jp/
長野県,木島平村,20562,village,http://www.vill.kijimadaira.lg.jp/
長野県,野沢温泉村,20563,village,http://www.vill.nozawaonsen.nagano.jp/
長野県,信濃町,20583,town,https://www.town.shinano.lg.jp/
長野県,小川村,20588,village,http://www.vill.ogawa.nagano.jp/
長野県,飯綱町,20590,town,https://www.town.iizuna.nagano.jp/
長野県,栄村,20602,village,http://www.vill.sakae.nagano.jp/
岐阜県,岐阜市,21201,city,https://www.city.gifu.lg.jp/
岐阜県,大垣市,21202,city,https://www.city.ogaki.lg.jp/
岐阜県,高山市,21203,city,https://www.city.takayama.lg.jp/
岐阜県,多治見市,21204,city,https://www.city.tajimi.lg.jp/
岐阜県,関市,21205,city,http://www.city.seki.gifu.jp/
岐阜県,中津川市,21206,city,http://www.city.nakatsugawa.gifu.jp/
岐阜県,美濃市,21207,city,http://www.city.mino.gifu.jp/
岐阜県,瑞浪市,21208,city,https://www.city.mizunami.lg.jp/
岐阜県,羽島市,21209,city,https://www.city.hashima.lg.jp/
岐阜県,恵那市,21210,city,https://www.city.ena.lg.jp/
岐阜県,美濃加茂市,21211,city,http://www.city.minokamo.gifu.jp/
岐阜県,土岐市,21212,city,http://www.city.toki.lg.jp/
岐阜県,各務原市,21213,city,http://www.city.kakamigahara.lg.jp/
岐阜県,可児市,21214,city,http://www.city.kani.lg.jp/
岐阜県,山県市,21215,city,https://www.city.yamagata.gifu.jp/
岐阜県,瑞穂市,21216,city,http://www.city.mizuho.lg.jp/
岐阜県,飛騨市,21217,city,https://www.city.hida.gifu.jp/
岐阜県,本巣市,21218,city,http://www.city.motosu.lg.jp/
岐阜県,郡上市,21219,city,https://www.city.gujo.gifu.jp/
岐阜県,下呂市,21220,city,http://www.city.gero.lg.jp/
岐阜県,海津市,21221,city,http://www.city.kaizu.lg.jp/
岐阜県,岐南町,21302,town,https://www.town.ginan.lg.jp/
岐阜県,笠松町,21303,town,http://www.town.kasamatsu.gifu.jp/
岐阜県,養老町,21341,town,http://www.town.yoro.gifu.jp/
岐阜県,垂井町,21361,town,http://www.town.tarui.lg.jp/
岐阜県,関ケ原町,21362,town,http://www.town.sekigahara.gifu.jp/
岐阜県,神戸町,21381,town,https://www.town.godo.gifu.jp/
岐阜県,輪之内町,21382,town,http://town.wanouchi.gifu.jp/
岐阜県,安八町,21383,town,http://www.town.anpachi.gifu.jp/
岐阜県,揖斐川町,21401,town,https://www.town.ibigawa.lg.jp/
岐阜県,大野町,21403,town,http://www.city.onojo.fukuoka.jp/
岐阜県,北方町,21421,town,http://www.town.kitagata.gifu.jp/
岐阜県,坂祝町,21501,town,https://www.town.sakahogi.gifu.jp/
岐阜県,富加町,21502,town,https://www.town.tomika.gifu.jp/
岐阜県,川辺町,21503,town,http://www.kawabe-gifu.jp/
岐阜県,七宗町,21504,town,https://www.hichiso.jp/
岐阜県,八百津町,21505,town,https://www.town.yaotsu.lg.jp/
岐阜県,白川町,21506,town,https://www.town.shirakawa.lg.jp/
岐阜県,東白川村,21507,village,https://www.vill.higashishirakawa.gifu.jp/
岐阜県,御嵩町,21521,town,http://www.town.mitake.gifu.jp/
岐阜県,白川村,21604,village,https://www.shirakawa-go.org/
静岡県,静岡市,22100,ward,https://www.city.shizuoka.lg.jp/
静岡県,浜松市,22130,ward,https://www.city.hamamatsu.shizuoka.jp/
静岡県,沼津市,22203,city,https://www.city.numazu.shizuoka.jp/
静岡県,熱海市,22205,city,https://www.city.atami.lg.jp/
静岡県,三島市,22206,city,https://www.city.mishima.shizuoka.jp/
静岡県,富士宮市,22207,city,http://www.city.fujinomiya.lg.jp/
静岡県,伊東市,22208,city,https://www.city.ito.shizuoka.jp/
静岡県,島田市,22209,city,https://www.city.shimada.shizuoka.jp/
静岡県,富士市,22210,city,https://www.city.fuji.shizuoka.jp/
静岡県,磐田市,22211,city,https://www.city.iwata.shizuoka.jp/
静岡県,焼津市,22212,city,https://www.city.yaizu.lg.jp/
静岡県,掛川市,22213,city,https://www.city.kakegawa.shizuoka.jp/
静岡県,藤枝市,22214,city,https://www.city.fujieda.shizuoka.jp/
静岡県,御殿場市,22215,city,https://www.city.gotemba.shizuoka.jp/
静岡県,袋井市,22216,city,https://www.city.fukuroi.shizuoka.jp/
静岡県,下田市,22219,city,https://www.city.shimoda.shizuoka.jp/
静岡県,裾野市,22220,city,https://www.city.susono.shizuoka.jp/
静岡県,湖西市,22221,city,https://www.city.kosai.shizuoka.jp/
静岡県,伊豆市,22222,city,http://www.city.izu.shizuoka.jp/
静岡県,御前崎市,22223,city,https://www.city.omaezaki.shizuoka.jp/
静岡県,菊川市,22224,city,https://www.city.kikugawa.shizuoka.jp/
静岡県,伊豆の国市,22225,city,https://www.city.izunokuni.shizuoka.jp/
静岡県,牧之原市,22226,city,https://www.city.makinohara.shizuoka.jp/
静岡県,東伊豆町,22301,town,https://www.town.higashiizu.shizuoka.jp/
静岡県,河津町,22302,town,http://www.town.kawazu.shizuoka.jp/
静岡県,南伊豆町,22304,town,https://www.town.minamiizu.shizuoka.jp/
静岡県,松崎町,22305,town,https://www.town.matsuzaki.shizuoka.jp/
静岡県,西伊豆町,22306,town,https://www.town.nishiizu.shizuoka.jp/
静岡県,函南町,22325,town,https://www.town.kannami.shizuoka.jp/
静岡県,長泉町,22342,town,https://www.town.nagaizumi.lg.jp/
静岡県,小山町,22344,town,http://www.fuji-oyama.jp/
静岡県,吉田町,22424,town,http://www.town.yoshida.shizuoka.jp/
静岡県,川根本町,22429,town,https://www.town.kawanehon.shizuoka.jp/
愛知県,名古屋市,23100,ward,https://www.city.nagoya.jp/
愛知県,豊橋市,23201,city,http://www.city.toyohashi.lg.jp/
愛知県,岡崎市,23202,city,https://www.city.okazaki.lg.jp/
愛知県,一宮市,23203,city,https://www.city.ichinomiya.aichi.jp/
愛知県,瀬戸市,23204,city,http://www.city.seto.aichi.jp/
愛知県,半田市,23205,city,https://www.city.handa.lg.jp/
愛知県,春日井市,23206,city,https://www.city.kasugai.lg.jp/
愛知県,豊川市,23207,city,https://www.city.toyokawa.lg.jp/
愛知県,津島市,23208,city,https://www.city.tsushima.lg.jp/
愛知県,碧南市,23209,city,https://www.city.hekinan.lg.jp/
愛知県,刈谷市,23210,city,https://www.city.kariya.lg.jp/
愛知県,豊田市,23211,city,https://www.city.toyota.aichi.jp/
愛知県,安城市,23212,city,https://www.city.anjo.aichi.jp/
愛知県,西尾市,23213,city,https://www.city.nishio.aichi.jp/
愛知県,蒲郡市,23214,city,https://www.city.gamagori.lg.jp/
愛知県,犬山市,23215,city,https://www.city.inuyama.aichi.jp/
愛知県,常滑市,23216,city,http://www.city.tokoname.aichi.jp/
愛知県,江南市,23217,city,https://www.city.konan.lg.jp/
愛知県,小牧市,23219,city,https://www.city.komaki.aichi.jp/
愛知県,稲沢市,23220,city,http://www.city.inazawa.aichi.jp/
愛知県,新城市,23221,city,http://www.city.shinshiro.lg.jp/
愛知県,東海市,23222,city,http://www.city.tokai.aichi.jp/
愛知県,大府市,23223,city,https://www.city.obu.aichi.jp/
愛知県,知多市,23224,city,https://www.city.chita.lg.jp/
愛知県,知立市,23225,city,https://www.city.chiryu.aichi.jp/
愛知県,尾張旭市,23226,city,https://www.city.owariasahi.lg.jp/
愛知県,高浜市,23227,city,http://www.city.takahama.lg.jp/
愛知県,岩倉市,23228,city,https://www.city.iwakura.aichi.jp/
愛知県,豊明市,23229,city,https://www.city.toyoake.lg.jp/
愛知県,日進市,23230,city,https://www.city.nisshin.lg.jp/
愛知県,田原市,23231,city,http://www.city.tahara.aichi.jp/
愛知県,愛西市,23232,city,https://www.city.aisai.lg.jp/
愛知県,清須市,23233,city,https://www.city.kiyosu.aichi.jp/
愛知県,北名古屋市,23234,city,https://www.city.kitanagoya.lg.jp/
愛知県,弥富市,23235,city,https://www.city.yatomi.lg.jp/
愛知県,みよし市,23236,city,https://www.city.aichi-miyoshi.lg.jp/
愛知県,あま市,23237,city,http://www.city.ama.aichi.jp/
愛知県,長久手市,23238,city,https://www.city.nagakute.lg.jp/
愛知県,東郷町,23302,town,https://www.town.aichi-togo.lg.jp/
愛知県,豊山町,23342,town,https://www.town.toyoyama.lg.jp/
愛知県,大口町,23361,town,https://www.town.oguchi.lg.jp/
愛知県,扶桑町,23362,town,https://www.town.fuso.lg.jp/
愛知県,大治町,23424,town,https://www.town.oharu.aichi.jp/
愛知県,蟹江町,23425,town,http://www.town.kanie.aichi.jp/
愛知県,飛島村,23427,village,https://www.vill.tobishima.aichi.jp/
愛知県,阿久比町,23441,town,https://www.town.agui.lg.jp/
愛知県,東浦町,23442,town,https://www.town.aichi-higashiura.lg.jp/
愛知県,南知多町,23445,town,https://www.town.minamichita.lg.jp/
愛知県,武豊町,23447,town,http://www.town.taketoyo.lg.jp/
愛知県,幸田町,23501,town,http://www.town.kota.lg.jp/
愛知県,設楽町,23561,town,http://www.town.shitara.lg.jp/
愛知県,東栄町,23562,town,http://www.town.toei.aichi.jp/
愛知県,豊根村,23563,village,http://www.vill.toyone.aichi.jp/
三重県,津市,24201,city,https://www.info.city.tsu.mie.jp/
三重県,四日市市,24202,city,https://www.city.yokkaichi.lg.jp/
三重県,伊勢市,24203,city,https://www.city.ise.mie.jp/
三重県,松阪市,24204,city,https://www.city.matsusaka.mie.jp/
三重県,桑名市,24205,city,https://www.city.kuwana.lg.jp/
三重県,鈴鹿市,24207,city,http://www.city.suzuka.lg.jp/
三重県,名張市,24208,city,https://www.city.nabari.lg.jp/
三重県,尾鷲市,24209,city,https://www.city.owase.lg.jp/
三重県,亀山市,24210,city,https://www.city.kameyama.mie.jp/
三重県,鳥羽市,24211,city,https://www.city.toba.mie.jp/
三重県,熊野市,24212,city,http://www.city.kumano.mie.jp/
三重県,いなべ市,24214,city,https://www.city.inabe.mie.jp/
三重県,志摩市,24215,city,https://www.city.shima.mie.jp/
三重県,伊賀市,24216,city,https://www.city.iga.lg.jp/
三重県,木曽岬町,24303,town,https://www.town.kisosaki.lg.jp/
三重県,東員町,24324,town,https://www.town.toin.lg.jp/
三重県,菰野町,24341,town,http://www2.town.komono.mie.jp/
三重県,川越町,24344,town,https://www.town.kawagoe.mie.jp/
三重県,多気町,24441,town,https://www.town.taki.mie.jp/
三重県,大台町,24443,town,http://www.odaitown.jp/
三重県,玉城町,24461,town,https://kizuna.town.tamaki.mie.jp/
三重県,度会町,24470,town,https://www.town.watarai.lg.jp/
三重県,大紀町,24471,town,http://www.town.taiki.mie.jp/
三重県,南伊勢町,24472,town,https://www.town.minamiise.lg.jp/
三重県,紀北町,24543,town,https://www.town.mie-kihoku.lg.jp/
三重県,御浜町,24561,town,http://www.town.mihama.mie.jp/
三重県,紀宝町,24562,town,https://www.town.kiho.lg.jp/
滋賀県,大津市,25201,city,https://www.city.otsu.lg.jp/
滋賀県,彦根市,25202,city,https://www.city.hikone.lg.jp/
滋賀県,長浜市,25203,city,https://www.city.nagahama.lg.jp/
滋賀県,近江八幡市,25204,city,http://www.city.omihachiman.shiga.jp/
滋賀県,草津市,25206,city,https://www.city.kusatsu.shiga.jp/
滋賀県,守山市,25207,city,https://www.city.moriyama.lg.jp/
滋賀県,栗東市,25208,city,https://www.city.ritto.lg.jp/
滋賀県,甲賀市,25209,city,http://www.city.koka.lg.jp/
滋賀県,野洲市,25210,city,http://www.city.yasu.lg.jp/
滋賀県,湖南市,25211,city,https://www.city.shiga-konan.lg.jp/
滋賀県,高島市,25212,city,http://www.city.takashima.lg.jp/
滋賀県,東近江市,25213,city,https://www.city.higashiomi.shiga.jp/
滋賀県,米原市,25214,city,https://www.city.maibara.lg.jp/
滋賀県,竜王町,25384,town,http://www.town.ryuoh.shiga.jp/
滋賀県,愛荘町,25425,town,http://www.town.aisho.shiga.jp/
滋賀県,豊郷町,25441,town,https://www.town.toyosato.shiga.jp/
滋賀県,甲良町,25442,town,http://www.kouratown.jp/
滋賀県,多賀町,25443,town,https://www.town.taga.lg.jp/
京都府,京都市,26100,ward,https://www.city.kyoto.lg.jp/
京都府,福知山市,26201,city,https://www.city.fukuchiyama.lg.jp/
京都府,舞鶴市,26202,city,https://www.city.maizuru.kyoto.jp/
京都府,綾部市,26203,city,https://www.city.ayabe.lg.jp/
京都府,宇治市,26204,city,https://www.city.uji.kyoto.jp/
京都府,宮津市,26205,city,http://www.city.miyazu.kyoto.jp/
京都府,亀岡市,26206,city,https://www.city.kameoka.kyoto.jp/
京都府,城陽市,26207,city,https://www.city.joyo.kyoto.jp/
京都府,向日市,26208,city,https://www.city.muko.kyoto.jp/
京都府,長岡京市,26209,city,https://www.city.nagaokakyo.lg.jp/
京都府,八幡市,26210,city,https://www.city.yawata.kyoto.jp/
京都府,京田辺市,26211,city,https://www.city.kyotanabe.lg.jp/
京都府,京丹後市,26212,city,https://www.city.kyotango.lg.jp/
京都府,南丹市,26213,city,https://www.city.nantan.kyoto.jp/www/
京都府,木津川市,26214,city,https://www.city.kizugawa.lg.jp/
京都府,大山崎町,26303,town,https://www.town.oyamazaki.kyoto.jp/
京都府,久御山町,26322,town,https://www.town.kumiyama.lg.jp/
京都府,井手町,26343,town,http://www.town.ide.kyoto.jp/
京都府,宇治田原町,26344,town,https://www.town.ujitawara.kyoto.jp/
京都府,笠置町,26364,town,https://www.town.kasagi.lg.jp/
京都府,和束町,26365,town,http://www.town.wazuka.kyoto.jp/
京都府,精華町,26366,town,https://www.town.seika.kyoto.jp/
京都府,南山城村,26367,village,http://www.vill.minamiyamashiro.lg.jp/
京都府,京丹波町,26407,town,https://www.town.kyotamba.kyoto.jp/
京都府,伊根町,26463,town,http://www.town.ine.kyoto.jp/
京都府,与謝野町,26465,town,https://www.town.yosano.lg.jp/
大阪府,大阪市,27100,ward,https://www.city.osaka.lg.jp/
大阪府,堺市,27140,ward,https://www.city.sakai.lg.jp/
大阪府,岸和田市,27202,city,https://www.city.kishiwada.osaka.jp/
大阪府,豊中市,27203,city,https://www.city.toyonaka.osaka.jp/
大阪府,池田市,27204,city,http://www.city.ikeda.osaka.jp/
大阪府,吹田市,27205,city,https://www.city.suita.osaka.jp/
大阪府,泉大津市,27206,city,http://www.city.izumiotsu.lg.jp/
大阪府,高槻市,27207,city,http://www.city.takatsuki.osaka.jp/
大阪府,貝塚市,27208,city,https://www.city.kaizuka.lg.jp/
大阪府,守口市,27209,city,http://www.city.moriguchi.osaka.jp/
大阪府,枚方市,27210,city,https://www.city.hirakata.osaka.jp/
大阪府,茨木市,27211,city,https://www.city.ibaraki.osaka.jp/
大阪府,八尾市,27212,city,https://www.city.yao.osaka.jp/
大阪府,泉佐野市,27213,city,http://www.city.izumisano.lg.jp/
大阪府,富田林市,27214,city,https://www.city.tondabayashi.lg.jp/
大阪府,寝屋川市,27215,city,https://www.city.neyagawa.osaka.jp/
大阪府,河内長野市,27216,city,https://www.city.kawachinagano.lg.jp/
大阪府,松原市,27217,city,https://www.city.matsubara.lg.jp/
大阪府,大東市,27218,city,https://www.city.daito.lg.jp/
大阪府,和泉市,27219,city,http://www.city.osaka-izumi.lg.jp/
大阪府,箕面市,27220,city,https://www.city.minoh.lg.jp/
大阪府,柏原市,27221,city,http://www.city.kashiwara.osaka.jp/
大阪府,羽曳野市,27222,city,https://www.city.habikino.lg.jp/
大阪府,門真市,27223,city,https://www.city.kadoma.osaka.jp/
大阪府,摂津市,27224,city,https://www.city.settsu.osaka.jp/
大阪府,高石市,27225,city,http://www.city.takaishi.lg.jp/
大阪府,藤井寺市,27226,city,https://www.city.fujiidera.lg.jp/
大阪府,東大阪市,27227,city,https://www.city.higashiosaka.lg.jp/
大阪府,泉南市,27228,city,https://www.city.sennan.lg.jp/
大阪府,四條畷市,27229,city,https://www.city.shijonawate.lg.jp/
大阪府,交野市,27230,city,https://www.city.katano.osaka.jp/
大阪府,大阪狭山市,27231,city,http://www.city.osakasayama.osaka.jp/
大阪府,阪南市,27232,city,http://www.city.hannan.lg.jp/
大阪府,島本町,27301,town,https://www.town.shimamoto.lg.jp
大阪府,豊能町,27321,town,http://www.town.toyono.osaka.jp/
大阪府,能勢町,27322,town,https://www.town.nose.osaka.jp/
大阪府,忠岡町,27341,town,https://www.town.tadaoka.osaka.jp/
大阪府,熊取町,27361,town,https://www.town.kumatori.lg.jp/
大阪府,田尻町,27362,town,http://www.town.tajiri.osaka.jp/
大阪府,岬町,27366,town,https://www.town.misaki.osaka.jp/
大阪府,河南町,27382,town,http://www.town.kanan.osaka.jp/
大阪府,千早赤阪村,27383,village,https://www.vill.chihayaakasaka.osaka.jp/
兵庫県,神戸市,28100,ward,http://www.city.kobe.lg.jp/
兵庫県,姫路市,28201,city,https://www.city.himeji.lg.jp/
兵庫県,尼崎市,28202,city,http://www.city.amagasaki.hyogo.jp/
兵庫県,明石市,28203,city,https://www.city.akashi.lg.jp/
兵庫県,西宮市,28204,city,https://www.nishi.or.jp/
兵庫県,洲本市,28205,city,https://www.city.sumoto.lg.jp/
兵庫県,芦屋市,28206,city,http://www.city.ashiya.lg.jp/
兵庫県,伊丹市,28207,city,http://www.city.itami.lg.jp/
兵庫県,相生市,28208,city,https://www.city.aioi.lg.jp/
兵庫県,豊岡市,28209,city,https://www.city.toyooka.lg.jp/
兵庫県,加古川市,28210,city,http://www.city.kakogawa.lg.jp/
兵庫県,赤穂市,28212,city,https://www.city.ako.lg.jp/
兵庫県,西脇市,28213,city,https://www.city.nishiwaki.lg.jp/
兵庫県,宝塚市,28214,city,http://www.city.takarazuka.hyogo.jp/
兵庫県,三木市,28215,city,https://www.city.miki.lg.jp/
兵庫県,高砂市,28216,city,http://www.city.takasago.lg.jp/
兵庫県,川西市,28217,city,https://www.city.kawanishi.hyogo.jp/
兵庫県,小野市,28218,city,https://www.city.ono.hyogo.jp/
兵庫県,三田市,28219,city,https://www.city.sanda.lg.jp/
兵庫県,加西市,28220,city,http://www.city.kasai.hyogo.jp/
兵庫県,丹波篠山市,28221,city,https://www.city.sasayama.hyogo.jp/
兵庫県,養父市,28222,city,https://www.city.yabu.hyogo.jp/
兵庫県,丹波市,28223,city,https://www.city.tamba.lg.jp/
兵庫県,南あわじ市,28224,city,https://www.city.minamiawaji.hyogo.jp/
兵庫県,朝来市,28225,city,https://www.city.asago.hyogo.jp/
兵庫県,淡路市,28226,city,https://www.city.awaji.lg.jp/
兵庫県,宍粟市,28227,city,https://www.city.shiso.lg.jp/
兵庫県,加東市,28228,city,https://www.city.kato.lg.jp/
兵庫県,たつの市,28229,city,https://www.city.tatsuno.lg.jp/
兵庫県,猪名川町,28301,town,https://www.town.inagawa.lg.jp/
兵庫県,多可町,28365,town,https://www.town.taka.lg.jp/
兵庫県,稲美町,28381,town,https://www.town.hyogo-inami.lg.jp/
兵庫県,播磨町,28382,town,https://www.town.harima.lg.jp/
兵庫県,市川町,28442,town,https://www.town.ichikawa.lg.jp/
兵庫県,福崎町,28443,town,https://www.town.fukusaki.hyogo.jp/
兵庫県,神河町,28446,town,https://www.town.kamikawa.hyogo.jp/
兵庫県,上郡町,28481,town,http://www.town.kamigori.hyogo.jp/
兵庫県,佐用町,28501,town,http://www.town.sayo.lg.jp/
兵庫県,香美町,28585,town,http://www.town.mikata-kami.lg.jp/
兵庫県,新温泉町,28586,town,https://www.town.shinonsen.hyogo.jp/
奈良県,奈良市,29201,city,http://www.city.nara.lg.jp/
奈良県,大和高田市,29202,city,https://www.city.yamatotakada.nara.jp/
奈良県,大和郡山市,29203,city,https://www.city.yamatokoriyama.nara.jp/
奈良県,天理市,29204,city,https://www.city.tenri.nara.jp/
奈良県,橿原市,29205,city,https://www.city.kashihara.nara.jp/
奈良県,桜井市,29206,city,https://www.city.sakurai.lg.jp/
奈良県,五條市,29207,city,https://www.city.gojo.lg.jp/
奈良県,御所市,29208,city,https://www.city.gose.nara.jp/
奈良県,生駒市,29209,city,https://www.city.ikoma.lg.jp/
奈良県,香芝市,29210,city,https://www.city.kashiba.lg.jp/
奈良県,葛城市,29211,city,https://www.city.katsuragi.nara.jp/
奈良県,宇陀市,29212,city,https://www.city.uda.nara.jp/
奈良県,山添村,29322,village,https://www.vill.yamazoe.nara.jp/
奈良県,平群町,29342,town,https://www.town.heguri.nara.jp/
奈良県,三郷町,29343,town,http://www.city.misato.lg.jp/
奈良県,斑鳩町,29344,town,https://www.town.ikaruga.nara.jp/
奈良県,安堵町,29345,town,https://www.town.ando.nara.jp/
奈良県,三宅町,29362,town,https://www.town.miyake.lg.jp/
奈良県,田原本町,29363,town,https://www.town.tawaramoto.nara.jp/
奈良県,曽爾村,29385,village,https://www.vill.soni.nara.jp/
奈良県,御杖村,29386,village,https://www.vill.mitsue.nara.jp/
奈良県,高取町,29401,town,https://www.town.takatori.nara.jp/
奈良県,明日香村,29402,village,https://asukamura.jp/
奈良県,上牧町,29424,town,https://www.town.kanmaki.nara.jp/
奈良県,王寺町,29425,town,https://www.town.oji.nara.jp/
奈良県,広陵町,29426,town,https://www.town.koryo.nara.jp/
奈良県,河合町,29427,town,https://www.town.kawai.nara.jp/
奈良県,吉野町,29441,town,https://www.town.yoshino.nara.jp/
奈良県,大淀町,29442,town,https://www.town.oyodo.lg.jp/
奈良県,下市町,29443,town,https://www.town.shimoichi.lg.jp/
奈良県,黒滝村,29444,village,https://www.vill.kurotaki.nara.jp/
奈良県,天川村,29446,village,http://www.vill.tenkawa.nara.jp/
奈良県,野迫川村,29447,village,https://www.vill.nosegawa.nara.jp/
奈良県,十津川村,29449,village,https://www.vill.totsukawa.lg.jp/
奈良県,下北山村,29450,village,http://www.vill.shimokitayama.nara.jp/
奈良県,上北山村,29451,village,http://vill.kamikitayama.nara.jp/
奈良県,東吉野村,29453,village,http://www.vill.higashiyoshino.nara.jp/
和歌山県,和歌山市,30201,city,http://www.city.wakayama.wakayama.jp/
和歌山県,海南市,30202,city,http://www.city.kainan.wakayama.jp/
和歌山県,橋本市,30203,city,https://www.city.hashimoto.lg.jp/
和歌山県,有田市,30204,city,https://www.city.arida.lg.jp/
和歌山県,御坊市,30205,city,http://www.city.gobo.wakayama.jp/
和歌山県,田辺市,30206,city,http://www.city.tanabe.lg.jp/
和歌山県,新宮市,30207,city,https://www.city.shingu.lg.jp/
和歌山県,紀の川市,30208,city,http://www.city.kinokawa.lg.jp/
和歌山県,岩出市,30209,city,http://www.city.iwade.lg.jp/
和歌山県,紀美野町,30304,town,https://www.town.kimino.wakayama.jp/
和歌山県,かつらぎ町,30341,town,http://www.town.katsuragi.wakayama.jp/
和歌山県,九度山町,30343,town,https://www.town.kudoyama.wakayama.jp/
和歌山県,高野町,30344,town,https://www.town.koya.wakayama.jp/
和歌山県,湯浅町,30361,town,http://www.town.yuasa.wakayama.jp/
和歌山県,有田川町,30366,town,https://www.town.aridagawa.lg.jp/
和歌山県,由良町,30383,town,http://www.town.yura.wakayama.jp/
和歌山県,印南町,30390,town,https://www.town.wakayama-inami.lg.jp/
和歌山県,みなべ町,30391,town,http://www.town.minabe.lg.jp/
和歌山県,日高川町,30392,town,http://www.town.hidakagawa.lg.jp/
和歌山県,白浜町,30401,town,http://www.town.shirahama.wakayama.jp/
和歌山県,上富田町,30404,town,https://www.town.kamitonda.lg.jp/
和歌山県,すさみ町,30406,town,http://www.town.susami.lg.jp/
和歌山県,那智勝浦町,30421,town,https://www.town.nachikatsuura.wakayama.jp/
和歌山県,太地町,30422,town,http://www.town.taiji.lg.jp/
和歌山県,古座川町,30424,town,http://www.town.kozagawa.wakayama.jp/
和歌山県,北山村,30427,village,https://www.vill.kitayama.wakayama.jp/
和歌山県,串本町,30428,town,https://www.town.kushimoto.wakayama.jp/
鳥取県,鳥取市,31201,city,http://www.city.tottori.lg.jp/
鳥取県,米子市,31202,city,https://www.city.yonago.lg.jp/
鳥取県,倉吉市,31203,city,https://www.city.kurayoshi.lg.jp/
鳥取県,境港市,31204,city,https://www.city.sakaiminato.lg.jp/
鳥取県,岩美町,31302,town,http://www.iwami.gr.jp/
鳥取県,若桜町,31325,town,http://www.town.wakasa.tottori.jp/
鳥取県,智頭町,31328,town,http://www1.town.chizu.tottori.jp/
鳥取県,八頭町,31329,town,http://www.town.yazu.tottori.jp/
鳥取県,三朝町,31364,town,http://www.town.misasa.tottori.jp/
鳥取県,湯梨浜町,31370,town,http://www.yurihama.jp/
鳥取県,琴浦町,31371,town,https://www.town.kotoura.tottori.jp/
鳥取県,北栄町,31372,town,http://www.e-hokuei.net/
鳥取県,日吉津村,31384,village,https://www.hiezu.jp/
鳥取県,大山町,31386,town,https://www.daisen.jp/
鳥取県,伯耆町,31390,town,http://www.houki-town.jp/
鳥取県,日南町,31401,town,http://www.town.nichinan.lg.jp/
鳥取県,江府町,31403,town,https://www.town-kofu.jp/
島根県,松江市,32201,city,https://www.city.matsue.shimane.jp/
島根県,浜田市,32202,city,http://www.city.hamada.shimane.jp/
島根県,出雲市,32203,city,https://www.city.izumo.shimane.jp/
島根県,益田市,32204,city,https://www.city.masuda.lg.jp/
島根県,大田市,32205,city,https://www.city.oda.lg.jp/
島根県,安来市,32206,city,https://www.city.yasugi.shimane.jp/
島根県,江津市,32207,city,https://www.city.gotsu.lg.jp/
島根県,雲南市,32209,city,https://www.city.unnan.shimane.jp/
島根県,奥出雲町,32343,town,https://www.town.okuizumo.shimane.jp/
島根県,飯南町,32386,town,http://www.iinan.jp/
島根県,川本町,32441,town,http://www.town.shimane-kawamoto.lg.jp/
島根県,邑南町,32449,town,https://www.town.ohnan.lg.jp/
島根県,津和野町,32501,town,http://www.town.tsuwano.lg.jp/
島根県,吉賀町,32505,town,https://www.town.yoshika.lg.jp/
島根県,海士町,32525,town,http://www.town.ama.shimane.jp/
島根県,西ノ島町,32526,town,http://www.town.nishinoshima.shimane.jp/
島根県,知夫村,32527,village,http://www.vill.chibu.lg.jp/
島根県,隠岐の島町,32528,town,https://www.town.okinoshima.shimane.jp/
岡山県,岡山市,33100,ward,https://www.city.okayama.jp/
岡山県,倉敷市,33202,city,https://www.city.kurashiki.okayama.jp/
岡山県,津山市,33203,city,https://www.city.tsuyama.lg.jp/
岡山県,玉野市,33204,city,https://www.city.tamano.lg.jp/
岡山県,笠岡市,33205,city,https://www.city.kasaoka.okayama.jp/
岡山県,井原市,33207,city,http://www.city.ibara.okayama.jp/
岡山県,総社市,33208,city,NA
岡山県,高梁市,33209,city,https://www.city.takahashi.lg.jp/
岡山県,新見市,33210,city,https://www.city.niimi.okayama.jp/
岡山県,備前市,33211,city,https://www.city.bizen.okayama.jp/
岡山県,瀬戸内市,33212,city,http://www.city.setouchi.lg.jp/
岡山県,赤磐市,33213,city,https://www.city.akaiwa.lg.jp/
岡山県,真庭市,33214,city,http://www.city.maniwa.lg.jp/
岡山県,美作市,33215,city,http://www.city.mimasaka.lg.jp/
岡山県,浅口市,33216,city,https://www.city.asakuchi.lg.jp/
岡山県,和気町,33346,town,https://www.town.wake.lg.jp/
岡山県,早島町,33423,town,http://www.town.hayashima.lg.jp/
岡山県,里庄町,33445,town,https://www.town.satosho.okayama.jp/
岡山県,矢掛町,33461,town,http://www.town.yakage.lg.jp/
岡山県,新庄村,33586,village,http://www.vill.shinjo.okayama.jp/
岡山県,鏡野町,33606,town,http://www.town.kagamino.lg.jp/
岡山県,勝央町,33622,town,http://www.town.shoo.lg.jp/
岡山県,奈義町,33623,town,http://www.town.nagi.okayama.jp/
岡山県,西粟倉村,33643,village,http://www.vill.nishiawakura.okayama.jp/
岡山県,久米南町,33663,town,http://www.town.kumenan.okayama.jp/
岡山県,美咲町,33666,town,https://www.town.misaki.okayama.jp/
岡山県,吉備中央町,33681,town,https://www.town.kibichuo.lg.jp/
広島県,広島市,34100,ward,http://www.city.hiroshima.lg.jp/
広島県,呉市,34202,city,https://www.city.kure.lg.jp/
広島県,竹原市,34203,city,https://www.city.takehara.lg.jp/
広島県,三原市,34204,city,https://www.city.mihara.hiroshima.jp/
広島県,尾道市,34205,city,https://www.city.onomichi.hiroshima.jp/
広島県,福山市,34207,city,https://www.city.fukuyama.hiroshima.jp/
広島県,三次市,34209,city,https://www.city.miyoshi.hiroshima.jp/
広島県,庄原市,34210,city,https://www.city.shobara.hiroshima.jp/
広島県,大竹市,34211,city,http://www.city.otake.hiroshima.jp/
広島県,東広島市,34212,city,https://www.city.higashihiroshima.lg.jp/
広島県,廿日市市,34213,city,https://www.city.hatsukaichi.hiroshima.jp/
広島県,安芸高田市,34214,city,https://www.akitakata.jp/
広島県,江田島市,34215,city,https://www.city.etajima.hiroshima.jp/
広島県,府中町,34302,town,https://www.town.fuchu.hiroshima.jp/
広島県,海田町,34304,town,https://www.town.kaita.lg.jp/
広島県,熊野町,34307,town,http://www.town.kumano.hiroshima.jp/
広島県,坂町,34309,town,http://www.town.saka.lg.jp/
広島県,安芸太田町,34368,town,http://www.akiota.jp/
広島県,北広島町,34369,town,https://www.town.kitahiroshima.lg.jp/
広島県,大崎上島町,34431,town,http://www.town.osakikamijima.hiroshima.jp/
広島県,世羅町,34462,town,http://www.town.sera.hiroshima.jp/
広島県,神石高原町,34545,town,http://www.jinsekigun.jp/
山口県,下関市,35201,city,http://www.city.shimonoseki.lg.jp/
山口県,宇部市,35202,city,http://www.city.ube.yamaguchi.jp/
山口県,山口市,35203,city,NA
山口県,萩市,35204,city,https://www.city.hagi.lg.jp/
山口県,防府市,35206,city,https://www.city.hofu.yamaguchi.jp/
山口県,下松市,35207,city,http://www.city.kudamatsu.lg.jp/
山口県,岩国市,35208,city,https://www.city.iwakuni.lg.jp/
山口県,光市,35210,city,https://www.city.hikari.lg.jp/
山口県,長門市,35211,city,https://www.city.nagato.yamaguchi.jp/
山口県,柳井市,35212,city,https://www.city-yanai.jp/
山口県,美祢市,35213,city,https://www2.city.mine.lg.jp/
山口県,周南市,35215,city,https://www.city.shunan.lg.jp/
山口県,山陽小野田市,35216,city,https://www.city.sanyo-onoda.lg.jp/
山口県,周防大島町,35305,town,https://www.town.suo-oshima.lg.jp/
山口県,和木町,35321,town,https://www.town.waki.lg.jp/
山口県,上関町,35341,town,https://www.town.kaminoseki.lg.jp/
山口県,田布施町,35343,town,http://www.town.tabuse.lg.jp/
山口県,平生町,35344,town,http://www.town.hirao.lg.jp/
山口県,阿武町,35502,town,http://www.town.abu.lg.jp/
徳島県,徳島市,36201,city,https://www.city.tokushima.tokushima.jp/
徳島県,鳴門市,36202,city,https://www.city.naruto.tokushima.jp/
徳島県,小松島市,36203,city,https://www.city.komatsushima.tokushima.jp/
徳島県,阿南市,36204,city,https://www.city.anan.tokushima.jp/
徳島県,吉野川市,36205,city,https://www.city.yoshinogawa.lg.jp/
徳島県,阿波市,36206,city,https://www.city.awa.lg.jp/
徳島県,美馬市,36207,city,http://www.city.mima.lg.jp/
徳島県,三好市,36208,city,https://www.miyoshi.i-tokushima.jp/
徳島県,勝浦町,36301,town,https://www.city.katsuura.lg.jp/
徳島県,上勝町,36302,town,http://www.kamikatsu.jp/
徳島県,佐那河内村,36321,village,http://www.vill.sanagochi.lg.jp/
徳島県,石井町,36341,town,https://www.town.ishii.lg.jp/
徳島県,神山町,36342,town,http://www.town.kamiyama.lg.jp/
徳島県,那賀町,36368,town,http://www.town.tokushima-naka.lg.jp/
徳島県,牟岐町,36383,town,https://www.town.tokushima-mugi.lg.jp/
徳島県,美波町,36387,town,https://www.town.minami.lg.jp/
徳島県,海陽町,36388,town,https://www.town.kaiyo.lg.jp/
徳島県,松茂町,36401,town,https://www.town.matsushige.tokushima.jp/
徳島県,北島町,36402,town,https://www.town.kitajima.lg.jp/
徳島県,藍住町,36403,town,https://www.town.aizumi.lg.jp/
徳島県,板野町,36404,town,http://www.town.itano.tokushima.jp/
徳島県,上板町,36405,town,https://www.townkamiita.jp/
徳島県,つるぎ町,36468,town,http://www.town.tokushima-tsurugi.lg.jp/
徳島県,東みよし町,36489,town,https://www.town.higashimiyoshi.lg.jp/
香川県,高松市,37201,city,https://www.city.takamatsu.kagawa.jp/
香川県,丸亀市,37202,city,https://www.city.marugame.lg.jp/
香川県,坂出市,37203,city,https://www.city.sakaide.lg.jp/
香川県,善通寺市,37204,city,https://www.city.zentsuji.kagawa.jp/
香川県,観音寺市,37205,city,https://www.city.kanonji.kagawa.jp/
香川県,さぬき市,37206,city,https://www.city.sanuki.kagawa.jp/
香川県,東かがわ市,37207,city,https://www.higashikagawa.jp/
香川県,三豊市,37208,city,https://www.city.mitoyo.lg.jp/
香川県,土庄町,37322,town,http://www.town.tonosho.kagawa.jp/
香川県,小豆島町,37324,town,http://www.town.shodoshima.lg.jp/
香川県,三木町,37341,town,https://www.town.miki.lg.jp/
香川県,直島町,37364,town,http://www.town.naoshima.lg.jp/
香川県,宇多津町,37386,town,https://www.town.utazu.lg.jp/
香川県,綾川町,37387,town,https://www.town.ayagawa.lg.jp/
香川県,琴平町,37403,town,http://www.town.kotohira.kagawa.jp/
香川県,多度津町,37404,town,https://www.town.tadotsu.kagawa.jp/
香川県,まんのう町,37406,town,https://www.town.manno.lg.jp/
愛媛県,松山市,38201,city,https://www.city.matsuyama.ehime.jp/
愛媛県,今治市,38202,city,https://www.city.imabari.ehime.jp/
愛媛県,宇和島市,38203,city,https://www.city.uwajima.ehime.jp/
愛媛県,八幡浜市,38204,city,http://www.city.yawatahama.ehime.jp/
愛媛県,新居浜市,38205,city,https://www.city.niihama.lg.jp/
愛媛県,西条市,38206,city,https://www.city.saijo.ehime.jp/
愛媛県,大洲市,38207,city,https://www.city.ozu.ehime.jp/
愛媛県,伊予市,38210,city,https://www.city.iyo.lg.jp/
愛媛県,四国中央市,38213,city,https://www.city.shikokuchuo.ehime.jp/
愛媛県,西予市,38214,city,https://www.city.seiyo.ehime.jp/
愛媛県,東温市,38215,city,http://www.city.toon.ehime.jp/
愛媛県,上島町,38356,town,https://www.town.kamijima.lg.jp/
愛媛県,久万高原町,38386,town,https://www.kumakogen.jp/
愛媛県,砥部町,38402,town,https://www.town.tobe.ehime.jp/
愛媛県,内子町,38422,town,https://www.town.uchiko.ehime.jp/
愛媛県,伊方町,38442,town,https://www.town.ikata.ehime.jp/
愛媛県,松野町,38484,town,https://www.town.matsuno.ehime.jp/
愛媛県,鬼北町,38488,town,https://www.town.kihoku.ehime.jp/
愛媛県,愛南町,38506,town,https://www.town.ainan.ehime.jp/
高知県,高知市,39201,city,https://www.city.kochi.kochi.jp/
高知県,室戸市,39202,city,https://www.city.muroto.kochi.jp/
高知県,安芸市,39203,city,https://www.city.aki.kochi.jp/
高知県,南国市,39204,city,https://www.city.nankoku.lg.jp/
高知県,土佐市,39205,city,http://www.city.tosa.lg.jp/
高知県,須崎市,39206,city,https://www.city.susaki.lg.jp/
高知県,宿毛市,39208,city,http://www.city.sukumo.kochi.jp/
高知県,土佐清水市,39209,city,https://www.city.tosashimizu.kochi.jp/
高知県,四万十市,39210,city,http://www.city.shimanto.lg.jp/
高知県,香南市,39211,city,https://www.city.kochi-konan.lg.jp/
高知県,香美市,39212,city,https://www.city.kami.lg.jp/
高知県,東洋町,39301,town,http://www.town.toyo.kochi.jp/
高知県,奈半利町,39302,town,http://www.town.nahari.kochi.jp/
高知県,田野町,39303,town,https://tanocho.jp/
高知県,安田町,39304,town,https://www.town.yasuda.kochi.jp/
高知県,北川村,39305,village,http://www.kitagawamura.jp/
高知県,馬路村,39306,village,http://www.vill.umaji.kochi.jp/
高知県,芸西村,39307,village,http://www.vill.geisei.kochi.jp/
高知県,本山町,39341,town,http://www.town.motoyama.kochi.jp/
高知県,大豊町,39344,town,http://www.town.otoyo.kochi.jp/
高知県,土佐町,39363,town,http://www.town.tosa.kochi.jp/
高知県,大川村,39364,village,https://www.vill.okawa.kochi.jp/
高知県,いの町,39386,town,http://www.town.ino.kochi.jp/
高知県,仁淀川町,39387,town,http://www.town.niyodogawa.lg.jp/
高知県,中土佐町,39401,town,https://www.town.nakatosa.lg.jp/
高知県,佐川町,39402,town,https://www.town.sakawa.lg.jp/
高知県,越知町,39403,town,http://www.town.ochi.kochi.jp/
高知県,檮原町,39405,town,http://www.town.yusuhara.kochi.jp/
高知県,日高村,39410,village,https://www.town.hidaka.hokkaido.jp/
高知県,津野町,39411,town,https://town.kochi-tsuno.lg.jp/
高知県,四万十町,39412,town,https://www.town.shimanto.lg.jp/
高知県,大月町,39424,town,https://www.town.otsuki.kochi.jp/
高知県,三原村,39427,village,http://www.vill.mihara.kochi.jp/
高知県,黒潮町,39428,town,https://www.town.kuroshio.lg.jp/
福岡県,北九州市,40100,ward,https://www.city.kitakyushu.lg.jp/
福岡県,福岡市,40130,ward,http://www.city.fukuoka.lg.jp/
福岡県,大牟田市,40202,city,https://www.city.omuta.lg.jp/
福岡県,久留米市,40203,city,https://www.city.kurume.fukuoka.jp/
福岡県,直方市,40204,city,https://www.city.nogata.fukuoka.jp/
福岡県,飯塚市,40205,city,https://www.city.iizuka.lg.jp/
福岡県,田川市,40206,city,https://www.joho.tagawa.fukuoka.jp/
福岡県,柳川市,40207,city,https://www.city.yanagawa.fukuoka.jp/
福岡県,八女市,40210,city,http://www.city.yame.fukuoka.jp/
福岡県,筑後市,40211,city,https://www.city.chikugo.lg.jp/
福岡県,大川市,40212,city,https://www.city.okawa.lg.jp/
福岡県,行橋市,40213,city,http://www.city.yukuhashi.lg.jp/
福岡県,豊前市,40214,city,https://www.city.buzen.lg.jp/
福岡県,中間市,40215,city,http://www.city.nakama.lg.jp/
福岡県,小郡市,40216,city,https://www.city.ogori.fukuoka.jp/
福岡県,筑紫野市,40217,city,https://www.city.chikushino.fukuoka.jp/
福岡県,春日市,40218,city,http://www.city.kasuga.fukuoka.jp/
福岡県,大野城市,40219,city,http://www.city.onojo.fukuoka.jp/
福岡県,宗像市,40220,city,https://www.city.munakata.lg.jp/
福岡県,太宰府市,40221,city,http://www.city.dazaifu.lg.jp/
福岡県,古賀市,40223,city,https://www.city.koga.fukuoka.jp/
福岡県,福津市,40224,city,http://city.fukutsu.lg.jp/
福岡県,うきは市,40225,city,http://www.city.ukiha.fukuoka.jp/
福岡県,宮若市,40226,city,https://www.city.miyawaka.lg.jp/
福岡県,嘉麻市,40227,city,http://www.city.kama.lg.jp/
福岡県,朝倉市,40228,city,https://www.city.asakura.lg.jp/
福岡県,みやま市,40229,city,https://www.city.miyama.lg.jp/
福岡県,糸島市,40230,city,http://www.city.itoshima.lg.jp/
福岡県,那珂川市,40231,city,https://www.city.nakagawa.lg.jp/
福岡県,宇美町,40341,town,https://www.town.umi.lg.jp/
福岡県,篠栗町,40342,town,https://www.town.sasaguri.fukuoka.jp/
福岡県,志免町,40343,town,https://www.town.shime.lg.jp/
福岡県,須恵町,40344,town,https://www.town.sue.fukuoka.jp/
福岡県,新宮町,40345,town,http://www.town.shingu.fukuoka.jp/
福岡県,久山町,40348,town,http://www.town.hisayama.fukuoka.jp/
福岡県,粕屋町,40349,town,http://www.town.kasuya.fukuoka.jp/
福岡県,芦屋町,40381,town,http://www.town.ashiya.lg.jp/
福岡県,水巻町,40382,town,https://www.town.mizumaki.lg.jp/
福岡県,岡垣町,40383,town,https://www.town.okagaki.lg.jp/
福岡県,遠賀町,40384,town,http://www.town.onga.lg.jp/
福岡県,小竹町,40401,town,http://town.kotake.lg.jp/
福岡県,鞍手町,40402,town,http://www.town.kurate.lg.jp/
福岡県,桂川町,40421,town,http://www.town.keisen.fukuoka.jp/
福岡県,筑前町,40447,town,https://www.town.chikuzen.fukuoka.jp/
福岡県,東峰村,40448,village,http://vill.toho-info.com/
福岡県,大刀洗町,40503,town,https://www.town.tachiarai.fukuoka.jp/
福岡県,大木町,40522,town,https://www.town.ooki.lg.jp/
福岡県,香春町,40601,town,https://www.town.kawara.fukuoka.jp/
福岡県,添田町,40602,town,https://www.town.soeda.fukuoka.jp/
福岡県,糸田町,40604,town,http://www.town.itoda.lg.jp/
福岡県,大任町,40608,town,http://www.town.oto.fukuoka.jp/
福岡県,赤村,40609,village,http://www.akamura.net/
福岡県,福智町,40610,town,https://www.town.fukuchi.lg.jp/
福岡県,苅田町,40621,town,http://www.town.kanda.lg.jp/
福岡県,みやこ町,40625,town,https://www.town.miyako.lg.jp/
福岡県,吉富町,40642,town,https://www.town.yoshitomi.lg.jp/
福岡県,上毛町,40646,town,http://www.town.koge.lg.jp/
福岡県,築上町,40647,town,https://www.town.chikujo.fukuoka.jp/
佐賀県,佐賀市,41201,city,https://www.city.saga.lg.jp/
佐賀県,唐津市,41202,city,https://www.city.karatsu.lg.jp/
佐賀県,鳥栖市,41203,city,https://www.city.tosu.lg.jp/
佐賀県,多久市,41204,city,https://www.city.taku.lg.jp/
佐賀県,伊万里市,41205,city,https://www.city.imari.saga.jp/
佐賀県,武雄市,41206,city,https://www.city.takeo.lg.jp/
佐賀県,鹿島市,41207,city,https://www.city.saga-kashima.lg.jp/
佐賀県,小城市,41208,city,http://www.city.ogi.lg.jp/
佐賀県,嬉野市,41209,city,https://www.city.ureshino.lg.jp/
佐賀県,神埼市,41210,city,https://www.city.kanzaki.saga.jp/
佐賀県,吉野ヶ里町,41327,town,https://www.town.yoshinogari.saga.jp/
佐賀県,基山町,41341,town,https://www.town.kiyama.lg.jp/
佐賀県,上峰町,41345,town,https://www.town.kamimine.lg.jp/
佐賀県,みやき町,41346,town,https://www.town.miyaki.lg.jp/
佐賀県,玄海町,41387,town,http://www.town.genkai.saga.jp/
佐賀県,有田町,41401,town,https://www.city.arida.lg.jp/
佐賀県,大町町,41423,town,http://www.town.omachi.saga.jp/
佐賀県,江北町,41424,town,https://www.town.kouhoku.saga.jp/
佐賀県,白石町,41425,town,https://www.town.shiroishi.lg.jp/
佐賀県,太良町,41441,town,https://www.town.tara.lg.jp/
長崎県,長崎市,42201,city,https://www.city.nagasaki.lg.jp/
長崎県,佐世保市,42202,city,https://www.city.sasebo.lg.jp/
長崎県,島原市,42203,city,https://www.city.shimabara.lg.jp/
長崎県,諫早市,42204,city,https://www.city.isahaya.nagasaki.jp/
長崎県,大村市,42205,city,https://www.city.omura.nagasaki.jp/
長崎県,平戸市,42207,city,https://www.city.hirado.nagasaki.jp/
長崎県,松浦市,42208,city,https://www.city-matsuura.jp/
長崎県,対馬市,42209,city,http://www.city.tsushima.nagasaki.jp/
長崎県,壱岐市,42210,city,https://www.city.iki.nagasaki.jp/
長崎県,五島市,42211,city,https://www.city.goto.nagasaki.jp/
長崎県,西海市,42212,city,https://www.city.saikai.nagasaki.jp/
長崎県,雲仙市,42213,city,https://www.city.unzen.nagasaki.jp/
長崎県,南島原市,42214,city,https://www.city.minamishimabara.lg.jp/
長崎県,長与町,42307,town,https://webtown.nagayo.jp/
長崎県,時津町,42308,town,https://www.town.togitsu.nagasaki.jp/
長崎県,東彼杵町,42321,town,https://www.town.higashisonogi.lg.jp/
長崎県,川棚町,42322,town,https://www.kawatana.jp/
長崎県,波佐見町,42323,town,https://www.town.hasami.lg.jp/
長崎県,小値賀町,42383,town,http://ojika.net/
長崎県,佐々町,42391,town,http://www.sazacho-nagasaki.jp/
長崎県,新上五島町,42411,town,http://official.shinkamigoto.net/
熊本県,熊本市,43100,ward,http://www.city.kumamoto.jp/
熊本県,八代市,43202,city,https://www.city.yatsushiro.lg.jp/
熊本県,人吉市,43203,city,https://www.city.hitoyoshi.lg.jp/
熊本県,荒尾市,43204,city,https://www.city.arao.lg.jp/
熊本県,水俣市,43205,city,https://www.city.minamata.lg.jp/
熊本県,玉名市,43206,city,https://www.city.tamana.lg.jp/
熊本県,山鹿市,43208,city,https://www.city.yamaga.kumamoto.jp/
熊本県,菊池市,43210,city,https://www.city.kikuchi.lg.jp/
熊本県,宇土市,43211,city,https://www.city.uto.lg.jp/
熊本県,上天草市,43212,city,https://www.city.kamiamakusa.kumamoto.jp/
熊本県,宇城市,43213,city,https://www.city.uki.kumamoto.jp/
熊本県,阿蘇市,43214,city,http://www.city.aso.kumamoto.jp/
熊本県,天草市,43215,city,https://www.city.amakusa.kumamoto.jp/
熊本県,合志市,43216,city,https://www.city.koshi.lg.jp/
熊本県,玉東町,43364,town,http://www.town.gyokuto.kumamoto.jp/
熊本県,南関町,43367,town,http://www.town.nankan.lg.jp/
熊本県,長洲町,43368,town,https://www.town.nagasu.lg.jp/
熊本県,和水町,43369,town,https://www.town.nagomi.lg.jp/
熊本県,大津町,43403,town,https://www.city.otsu.lg.jp/
熊本県,菊陽町,43404,town,https://www.town.kikuyo.lg.jp/
熊本県,南小国町,43423,town,http://www.town.minamioguni.kumamoto.jp/
熊本県,産山村,43425,village,https://www.ubuyama-v.jp/
熊本県,西原村,43432,village,http://www.town.nishihara.okinawa.jp/
熊本県,南阿蘇村,43433,village,https://www.vill.minamiaso.lg.jp/
熊本県,御船町,43441,town,https://www.town.mifune.kumamoto.jp/
熊本県,嘉島町,43442,town,https://www.town.kumamoto-kashima.lg.jp/
熊本県,益城町,43443,town,https://www.town.mashiki.lg.jp/
熊本県,甲佐町,43444,town,https://www.town.kosa.kumamoto.jp/
熊本県,山都町,43447,town,https://www.town.kumamoto-yamato.lg.jp/
熊本県,氷川町,43468,town,http://www.hikawacyou.hinokuni-net.jp/
熊本県,芦北町,43482,town,http://www.ashikita-t.kumamoto-sgn.jp/
熊本県,津奈木町,43484,town,http://www.town.tsunagi.lg.jp/
熊本県,錦町,43501,town,http://www.nishiki-machi.com/
熊本県,多良木町,43505,town,https://www.town.taragi.lg.jp/
熊本県,湯前町,43506,town,https://www.town.yunomae.lg.jp/
熊本県,水上村,43507,village,https://www.vill.mizukami.lg.jp/
熊本県,相良村,43510,village,https://www.vill.sagara.lg.jp/
熊本県,五木村,43511,village,https://www.vill.itsuki.lg.jp/
熊本県,山江村,43512,village,https://www.vill.yamae.lg.jp/
熊本県,球磨村,43513,village,https://www.kumamura.com/
熊本県,あさぎり町,43514,town,https://www.town.asagiri.lg.jp/
熊本県,苓北町,43531,town,https://reihoku-kumamoto.jp/
大分県,大分市,44201,city,https://www.city.oita.oita.jp/
大分県,別府市,44202,city,https://www.city.beppu.oita.jp/
大分県,中津市,44203,city,https://www.city-nakatsu.jp/
大分県,日田市,44204,city,https://www.city.hita.oita.jp/
大分県,佐伯市,44205,city,https://www.city.saiki.oita.jp/
大分県,臼杵市,44206,city,https://www.city.usuki.oita.jp/
大分県,津久見市,44207,city,https://www.city.tsukumi.oita.jp/
大分県,竹田市,44208,city,https://www.city.taketa.oita.jp/
大分県,豊後高田市,44209,city,https://www.city.bungotakada.oita.jp/
大分県,杵築市,44210,city,https://www.city.kitsuki.lg.jp/
大分県,宇佐市,44211,city,https://www.city.usa.oita.jp/
大分県,豊後大野市,44212,city,https://www.bungo-ohno.jp/
大分県,由布市,44213,city,https://www.city.yufu.oita.jp/
大分県,国東市,44214,city,https://www.city.kunisaki.oita.jp/
大分県,姫島村,44322,village,https://www.himeshima.jp/
大分県,日出町,44341,town,https://www.town.hiji.lg.jp/
大分県,九重町,44461,town,https://www.town.kokonoe.oita.jp/
大分県,玖珠町,44462,town,https://www.town.kusu.oita.jp/
宮崎県,宮崎市,45201,city,https://www.city.miyazaki.miyazaki.jp/
宮崎県,都城市,45202,city,http://www.city.miyakonojo.miyazaki.jp/
宮崎県,延岡市,45203,city,http://www.city.nobeoka.miyazaki.jp/
宮崎県,日南市,45204,city,https://www.city.nichinan.lg.jp/
宮崎県,小林市,45205,city,http://www.city.kobayashi.lg.jp/
宮崎県,日向市,45206,city,https://www.hyugacity.jp/
宮崎県,串間市,45207,city,http://www.city.kushima.lg.jp/
宮崎県,西都市,45208,city,http://www.saito-city.jp/
宮崎県,えびの市,45209,city,https://www.city.ebino.lg.jp/
宮崎県,三股町,45341,town,https://www.town.mimata.lg.jp/
宮崎県,高原町,45361,town,https://www.town.takaharu.lg.jp/
宮崎県,国富町,45382,town,http://www.town.kunitomi.miyazaki.jp/
宮崎県,綾町,45383,town,https://www.town.aya.miyazaki.jp/
宮崎県,高鍋町,45401,town,https://www.town.takanabe.lg.jp/
宮崎県,新富町,45402,town,http://www.town.shintomi.lg.jp/
宮崎県,西米良村,45403,village,https://www.vill.nishimera.lg.jp/
宮崎県,木城町,45404,town,http://www.kijo.jp/
宮崎県,川南町,45405,town,http://www.town.kawaminami.miyazaki.jp/
宮崎県,都農町,45406,town,https://www.town.tsuno.lg.jp/
宮崎県,門川町,45421,town,https://www.town.kadogawa.lg.jp/
宮崎県,諸塚村,45429,village,https://www.vill.morotsuka.miyazaki.jp/
宮崎県,椎葉村,45430,village,https://www.vill.shiiba.miyazaki.jp/
宮崎県,高千穂町,45441,town,https://www.town-takachiho.jp/
宮崎県,日之影町,45442,town,http://www.town.hinokage.lg.jp/
宮崎県,五ヶ瀬町,45443,town,https://www.town.gokase.miyazaki.jp/
鹿児島県,鹿児島市,46201,city,NA
鹿児島県,鹿屋市,46203,city,https://www.e-kanoya.net/
鹿児島県,枕崎市,46204,city,https://www.city.makurazaki.lg.jp/
鹿児島県,阿久根市,46206,city,http://www.city.akune.kagoshima.jp/
鹿児島県,出水市,46208,city,https://www.city.kagoshima-izumi.lg.jp/
鹿児島県,指宿市,46210,city,https://www.city.ibusuki.lg.jp/
鹿児島県,西之表市,46213,city,http://www.city.nishinoomote.lg.jp/
鹿児島県,垂水市,46214,city,https://www.city.tarumizu.lg.jp/
鹿児島県,薩摩川内市,46215,city,https://www.city.satsumasendai.lg.jp/
鹿児島県,日置市,46216,city,https://www.city.hioki.kagoshima.jp/
鹿児島県,曽於市,46217,city,https://www.city.soo.kagoshima.jp/
鹿児島県,霧島市,46218,city,NA
鹿児島県,いちき串木野市,46219,city,https://www.city.ichikikushikino.lg.jp/
鹿児島県,南さつま市,46220,city,http://www.city.minamisatsuma.lg.jp/
鹿児島県,志布志市,46221,city,http://www.city.shibushi.lg.jp/
鹿児島県,奄美市,46222,city,https://www.city.amami.lg.jp/
鹿児島県,南九州市,46223,city,https://www.city.minamikyushu.lg.jp/
鹿児島県,伊佐市,46224,city,https://www.city.isa.kagoshima.jp/
鹿児島県,姶良市,46225,city,https://www.city.aira.lg.jp/
鹿児島県,三島村,46303,village,http://mishimamura.com/
鹿児島県,十島村,46304,village,http://www.tokara.jp/
鹿児島県,さつま町,46392,town,https://www.satsuma-net.jp/
鹿児島県,長島町,46404,town,https://www.town.nagashima.lg.jp/
鹿児島県,湧水町,46452,town,https://www.town.yusui.kagoshima.jp/
鹿児島県,大崎町,46468,town,https://www.town.kagoshima-osaki.lg.jp/
鹿児島県,東串良町,46482,town,http://www.higashikushira.com/
鹿児島県,錦江町,46490,town,https://www.town.kinko.lg.jp/
鹿児島県,南大隅町,46491,town,https://www.town.minamiosumi.lg.jp/
鹿児島県,肝付町,46492,town,https://kimotsuki-town.jp/
鹿児島県,中種子町,46501,town,https://town.nakatane.kagoshima.jp/
鹿児島県,南種子町,46502,town,http://www.town.minamitane.kagoshima.jp/
鹿児島県,屋久島町,46505,town,https://www.town.yakushima.kagoshima.jp/
鹿児島県,大和村,46523,village,http://www.city.yamato.lg.jp/
鹿児島県,宇検村,46524,village,https://www.uken.net/
鹿児島県,瀬戸内町,46525,town,https://www.town.setouchi.lg.jp/
鹿児島県,龍郷町,46527,town,https://www.town.tatsugo.lg.jp/
鹿児島県,喜界町,46529,town,https://www.town.kikai.lg.jp/
鹿児島県,徳之島町,46530,town,http://www.tokunoshima-town.org/
鹿児島県,天城町,46531,town,https://www.town.amagi.lg.jp/
鹿児島県,伊仙町,46532,town,https://www.town.isen.kagoshima.jp/
鹿児島県,和泊町,46533,town,https://www.town.wadomari.lg.jp/
鹿児島県,知名町,46534,town,https://www.town.china.lg.jp/
鹿児島県,与論町,46535,town,http://www.yoron.jp/
沖縄県,那覇市,47201,city,https://www.city.naha.okinawa.jp/
沖縄県,宜野湾市,47205,city,https://www.city.ginowan.lg.jp/
沖縄県,石垣市,47207,city,http://www.city.ishigaki.okinawa.jp/
沖縄県,浦添市,47208,city,http://www.city.urasoe.lg.jp/
沖縄県,名護市,47209,city,http://www.city.nago.okinawa.jp/
沖縄県,糸満市,47210,city,https://www.city.itoman.lg.jp/
沖縄県,沖縄市,47211,city,https://www.city.okinawa.okinawa.jp/
沖縄県,豊見城市,47212,city,http://www.city.tomigusuku.okinawa.jp/
沖縄県,うるま市,47213,city,https://www.city.uruma.lg.jp/
沖縄県,宮古島市,47214,city,https://www.city.miyakojima.lg.jp/
沖縄県,南城市,47215,city,http://www.city.nanjo.okinawa.jp/
沖縄県,国頭村,47301,village,http://www.vill.kunigami.okinawa.jp/
沖縄県,大宜味村,47302,village,http://www.vill.ogimi.okinawa.jp/
沖縄県,東村,47303,village,http://www.vill.higashi.okinawa.jp/
沖縄県,今帰仁村,47306,village,https://www.nakijin.jp/
沖縄県,本部町,47308,town,http://www.town.motobu.okinawa.jp/
沖縄県,恩納村,47311,village,https://www.vill.onna.okinawa.jp/
沖縄県,宜野座村,47313,village,http://www.vill.ginoza.okinawa.jp/
沖縄県,金武町,47314,town,https://www.town.kin.okinawa.jp
沖縄県,伊江村,47315,village,https://www.iejima.org/
沖縄県,読谷村,47324,village,http://www.yomitan.jp/
沖縄県,嘉手納町,47325,town,https://www.town.kadena.okinawa.jp/
沖縄県,北谷町,47326,town,https://www.chatan.jp/
沖縄県,北中城村,47327,village,https://www.vill.kitanakagusuku.lg.jp/
沖縄県,中城村,47328,village,https://www.vill.nakagusuku.okinawa.jp/
沖縄県,西原町,47329,town,http://www.town.nishihara.okinawa.jp/
沖縄県,与那原町,47348,town,https://www.town.yonabaru.okinawa.jp/
沖縄県,南風原町,47350,town,https://www.town.haebaru.lg.jp/
沖縄県,渡嘉敷村,47353,village,http://www.vill.tokashiki.okinawa.jp/
沖縄県,座間味村,47354,village,https://www.vill.zamami.okinawa.jp/
沖縄県,粟国村,47355,village,http://www.vill.aguni.okinawa.jp/
沖縄県,渡名喜村,47356,village,http://www.vill.tonaki.okinawa.jp/
沖縄県,南大東村,47357,village,http://www.vill.minamidaito.okinawa.jp/
沖縄県,北大東村,47358,village,http://vill.kitadaito.okinawa.jp/
沖縄県,伊平屋村,47359,village,http://www.vill.iheya.okinawa.jp/
沖縄県,伊是名村,47360,village,https://vill.izena.okinawa.jp/
沖縄県,久米島町,47361,town,http://www.town.kumejima.okinawa.jp/
沖縄県,八重瀬町,47362,town,http://www.town.yaese.lg.jp/
沖縄県,多良間村,47375,village,http://www.vill.tarama.okinawa.jp/
沖縄県,竹富町,47381,town,https://www.town.taketomi.lg.jp/
沖縄県,与那国町,47382,town,https://www.town.yonaguni.okinawa.jp/
